kernel,C,A,gamma,mean_cindex,std,dataset
wavelet,0.25,0.125,,0.5044953823567098,0.0067784506575136304,cgd
wavelet,0.25,0.25,,0.47890978328805883,0.03744428367455748,cgd
wavelet,0.25,0.5,,0.45802489189131534,0.06400519695502328,cgd
wavelet,0.25,1.0,,0.5047506847048292,0.06776511366339537,cgd
wavelet,0.25,2.0,,0.6181822406969267,0.0545701288970306,cgd
wavelet,0.25,4.0,,0.6913405527440342,0.07081051573409854,cgd
wavelet,0.25,8.0,,0.5995224263884364,0.08199536878463835,cgd
wavelet,0.5,0.125,,0.4979319196137818,0.003200327355080155,cgd
wavelet,0.5,0.25,,0.48965676868960617,0.017947465294378025,cgd
wavelet,0.5,0.5,,0.5232966336607362,0.030518960489253934,cgd
wavelet,0.5,1.0,,0.4924646004211365,0.09581236141566045,cgd
wavelet,0.5,2.0,,0.6561623274436517,0.06604763505792448,cgd
wavelet,0.5,4.0,,0.6513453490868516,0.04788428079078437,cgd
wavelet,0.5,8.0,,0.6030439860027357,0.061123830937095995,cgd
wavelet,1.0,0.125,,0.5039771959553092,0.004546981214436987,cgd
wavelet,1.0,0.25,,0.4818975178799179,0.03331346160160444,cgd
wavelet,1.0,0.5,,0.5148448711557234,0.051549263076814456,cgd
wavelet,1.0,1.0,,0.5768493152203276,0.05696001576711252,cgd
wavelet,1.0,2.0,,0.637318839714488,0.05052491808027212,cgd
wavelet,1.0,4.0,,0.6697402144732723,0.039442059248490896,cgd
wavelet,1.0,8.0,,0.6122920234156706,0.03802549703527899,cgd
wavelet,2.0,0.125,,0.5022593284364711,0.005818230513501702,cgd
wavelet,2.0,0.25,,0.49890908108988424,0.018704407210642746,cgd
wavelet,2.0,0.5,,0.47115908508330195,0.04665222711377478,cgd
wavelet,2.0,1.0,,0.5617512410586862,0.07578377280492371,cgd
wavelet,2.0,2.0,,0.6539810024084274,0.05328353081687066,cgd
wavelet,2.0,4.0,,0.642820547881423,0.04532308656596561,cgd
wavelet,2.0,8.0,,0.6157263820573725,0.06744013050320696,cgd
wavelet,4.0,0.125,,0.5070554842055216,0.008028064114831432,cgd
wavelet,4.0,0.25,,0.5028266487933983,0.04899145741113601,cgd
wavelet,4.0,0.5,,0.5317183537199787,0.06895868557603943,cgd
wavelet,4.0,1.0,,0.5632270355024586,0.02372389706174347,cgd
wavelet,4.0,2.0,,0.6359193016193921,0.06980818016035634,cgd
wavelet,4.0,4.0,,0.6905212925914457,0.06411100768246723,cgd
wavelet,4.0,8.0,,0.6282759787797195,0.041530399380075814,cgd
linear,0.25,,0.125,0.8915310512214726,0.026451800478941793,cgd
linear,0.25,,0.25,0.9151077292787944,0.017249235738450133,cgd
linear,0.25,,0.5,0.8938432002939191,0.02348771198280817,cgd
linear,0.25,,1.0,0.9159496767658274,0.027725405207439737,cgd
linear,0.25,,2.0,0.9053906945963431,0.02692884467310711,cgd
linear,0.25,,4.0,0.9159157145894076,0.025412721309948323,cgd
linear,0.25,,8.0,0.9159912087923827,0.018361824706567546,cgd
linear,0.5,,0.125,0.9223442984124357,0.01759208253879331,cgd
linear,0.5,,0.25,0.9220420820631092,0.014601301259303583,cgd
linear,0.5,,0.5,0.9107337585268344,0.019599710046685176,cgd
linear,0.5,,1.0,0.9056592881585542,0.027847484929869794,cgd
linear,0.5,,2.0,0.9020050411470079,0.031189042342156786,cgd
linear,0.5,,4.0,0.9338560352144464,0.015738618838222623,cgd
linear,0.5,,8.0,0.9116912909691635,0.029833070808990607,cgd
linear,1.0,,0.125,0.9444152494101739,0.02008410411194135,cgd
linear,1.0,,0.25,0.9450658944174034,0.02345530683547206,cgd
linear,1.0,,0.5,0.941961778327428,0.019039107278131105,cgd
linear,1.0,,1.0,0.938111697558865,0.014963029041239122,cgd
linear,1.0,,2.0,0.9259802832866286,0.03266857441468652,cgd
linear,1.0,,4.0,0.9347472901318452,0.02306517200351126,cgd
linear,1.0,,8.0,0.9308381273079451,0.02422852540723931,cgd
linear,2.0,,0.125,0.9632635726073945,0.014334109603953942,cgd
linear,2.0,,0.25,0.9525361848641181,0.018883817946001837,cgd
linear,2.0,,0.5,0.9646881215881811,0.01240826313716822,cgd
linear,2.0,,1.0,0.9586707065633316,0.010199415462406419,cgd
linear,2.0,,2.0,0.9570009337869092,0.01695419914271682,cgd
linear,2.0,,4.0,0.9536784552823659,0.016561412663915576,cgd
linear,2.0,,8.0,0.9537508364090848,0.013198012953809941,cgd
linear,4.0,,0.125,0.9789275817476062,0.009480188628129584,cgd
linear,4.0,,0.25,0.9837610217352069,0.005877292925920731,cgd
linear,4.0,,0.5,0.9800058162954853,0.0077748267523605604,cgd
linear,4.0,,1.0,0.9827758782798736,0.005601667395187874,cgd
linear,4.0,,2.0,0.9837880820518377,0.009329399305575565,cgd
linear,4.0,,4.0,0.9813133828618132,0.006870940518234399,cgd
linear,4.0,,8.0,0.9783959534882278,0.010176816381895347,cgd
rbf,0.25,,0.125,0.6535713401752854,0.07376946347737141,cgd
rbf,0.25,,0.25,0.6852531417817409,0.05268570781975925,cgd
rbf,0.25,,0.5,0.6944422780896484,0.043636306117705526,cgd
rbf,0.25,,1.0,0.6659847412364339,0.04240205626086581,cgd
rbf,0.25,,2.0,0.6573013626506115,0.040305258122903496,cgd
rbf,0.25,,4.0,0.6365250617214512,0.04147625231677054,cgd
rbf,0.25,,8.0,0.5851950572206746,0.033904861505328655,cgd
rbf,0.5,,0.125,0.6599530585324022,0.04122055736525725,cgd
rbf,0.5,,0.25,0.6725901977912809,0.061659428064861334,cgd
rbf,0.5,,0.5,0.680133165438001,0.07073254542251896,cgd
rbf,0.5,,1.0,0.6686183103324689,0.06334043752162254,cgd
rbf,0.5,,2.0,0.6600351620944969,0.031029491246629487,cgd
rbf,0.5,,4.0,0.6313877239566622,0.0315139932128321,cgd
rbf,0.5,,8.0,0.5739763500681632,0.03773880126838821,cgd
rbf,1.0,,0.125,0.6574830749099452,0.03715068365247389,cgd
rbf,1.0,,0.25,0.6680416633120642,0.04408455700457234,cgd
rbf,1.0,,0.5,0.6673408699334091,0.04817017018031469,cgd
rbf,1.0,,1.0,0.675729840262103,0.03915697740894804,cgd
rbf,1.0,,2.0,0.6732166364553358,0.05096735014410425,cgd
rbf,1.0,,4.0,0.6646648999551925,0.047197466821975044,cgd
rbf,1.0,,8.0,0.5714816845670401,0.043533497303514836,cgd
rbf,2.0,,0.125,0.6648551317454403,0.06986419934910885,cgd
rbf,2.0,,0.25,0.6794491161872753,0.058937733907527774,cgd
rbf,2.0,,0.5,0.6520046017615936,0.06428324950587375,cgd
rbf,2.0,,1.0,0.6693227551047077,0.06340883717057702,cgd
rbf,2.0,,2.0,0.6620845727910678,0.05794512084962269,cgd
rbf,2.0,,4.0,0.642323559189163,0.04697521004158139,cgd
rbf,2.0,,8.0,0.6009407025254683,0.03498532213022065,cgd
rbf,4.0,,0.125,0.697480660152985,0.04783182521757029,cgd
rbf,4.0,,0.25,0.6739992253370939,0.0434136959935768,cgd
rbf,4.0,,0.5,0.6596241846845181,0.039274308950302046,cgd
rbf,4.0,,1.0,0.6704888951451528,0.051166283465381095,cgd
rbf,4.0,,2.0,0.654806672666702,0.06825908504742513,cgd
rbf,4.0,,4.0,0.6229217040416578,0.03770399261053347,cgd
rbf,4.0,,8.0,0.5717385157158441,0.03330273078136325,cgd
exponential,0.25,,0.125,0.7582043331729913,0.0583940105647783,cgd
exponential,0.25,,0.25,0.6609096824299089,0.06468187666733331,cgd
exponential,0.25,,0.5,0.6219980429558909,0.04641696459907623,cgd
exponential,0.25,,1.0,0.5960539988647887,0.06416180332492342,cgd
exponential,0.25,,2.0,0.6617192592083534,0.024119733807098323,cgd
exponential,0.25,,4.0,0.6768776055811612,0.047262138152484125,cgd
exponential,0.25,,8.0,0.6877763086841651,0.04556205380352263,cgd
exponential,0.5,,0.125,0.7922659701322594,0.0765755037030911,cgd
exponential,0.5,,0.25,0.6869295728335719,0.051682140414986574,cgd
exponential,0.5,,0.5,0.6668544897727836,0.05990490879105364,cgd
exponential,0.5,,1.0,0.6190700522047978,0.07227028589583587,cgd
exponential,0.5,,2.0,0.6859007989657917,0.09746244691068588,cgd
exponential,0.5,,4.0,0.6916348017991396,0.024676355499792725,cgd
exponential,0.5,,8.0,0.6305814755108178,0.03358103130437543,cgd
exponential,1.0,,0.125,0.7567518063747531,0.05332941476085612,cgd
exponential,1.0,,0.25,0.6707139878349251,0.055505187408193164,cgd
exponential,1.0,,0.5,0.6327021284157943,0.04916047931808337,cgd
exponential,1.0,,1.0,0.6742797344107363,0.07198050936597257,cgd
exponential,1.0,,2.0,0.6772556602016667,0.0579700976414854,cgd
exponential,1.0,,4.0,0.6381417790848289,0.07171032358946511,cgd
exponential,1.0,,8.0,0.6664610745234276,0.04769821043168471,cgd
exponential,2.0,,0.125,0.7780741528322698,0.03721916228316753,cgd
exponential,2.0,,0.25,0.7079294417765728,0.07869460760605179,cgd
exponential,2.0,,0.5,0.6792316554009461,0.07551940680476571,cgd
exponential,2.0,,1.0,0.6118262153020886,0.056266258773839395,cgd
exponential,2.0,,2.0,0.7013161841470165,0.05740182907981855,cgd
exponential,2.0,,4.0,0.6588211305591015,0.0633649136523919,cgd
exponential,2.0,,8.0,0.6478761847602083,0.025988149887325517,cgd
exponential,4.0,,0.125,0.7377204376926368,0.033898400478259705,cgd
exponential,4.0,,0.25,0.7015814599690812,0.058860209608526365,cgd
exponential,4.0,,0.5,0.655473227456404,0.08827015032499658,cgd
exponential,4.0,,1.0,0.6479181018270944,0.05518686075500025,cgd
exponential,4.0,,2.0,0.6638182195459225,0.07073107403330525,cgd
exponential,4.0,,4.0,0.6447831233905389,0.057911524146125194,cgd
exponential,4.0,,8.0,0.6607987981886295,0.024123415852486296,cgd
poly,0.25,,0.125,0.7543562610349935,0.04946324627751236,cgd
poly,0.25,,0.25,0.8054803296781765,0.053297173325526914,cgd
poly,0.25,,0.5,0.8201532064450363,0.04661181957075643,cgd
poly,0.25,,1.0,0.8040010560562394,0.02434497466202732,cgd
poly,0.25,,2.0,0.7831064809921292,0.039369597391523195,cgd
poly,0.25,,4.0,0.7781420209077402,0.03701675155611689,cgd
poly,0.25,,8.0,0.7973062332699945,0.029073387649909185,cgd
poly,0.5,,0.125,0.7794114145504838,0.027324021792964545,cgd
poly,0.5,,0.25,0.814395826748744,0.02922521604321075,cgd
poly,0.5,,0.5,0.7687964609501259,0.04441294693599269,cgd
poly,0.5,,1.0,0.7998557523121932,0.04193743808957989,cgd
poly,0.5,,2.0,0.8126052880863652,0.03507743875236028,cgd
poly,0.5,,4.0,0.7855696328048526,0.06091466307927513,cgd
poly,0.5,,8.0,0.7771144592809492,0.04959932745740201,cgd
poly,1.0,,0.125,0.8307892948840532,0.04543994103791838,cgd
poly,1.0,,0.25,0.8163297559101773,0.027876085028649786,cgd
poly,1.0,,0.5,0.79640650249521,0.041795382338384236,cgd
poly,1.0,,1.0,0.7939186278292196,0.04531877003854034,cgd
poly,1.0,,2.0,0.7813106060186643,0.055145504461215376,cgd
poly,1.0,,4.0,0.7963445613712996,0.045770432403194235,cgd
poly,1.0,,8.0,0.7901246249208109,0.028582220443189622,cgd
poly,2.0,,0.125,0.8276835236833395,0.023376074859517825,cgd
poly,2.0,,0.25,0.7885433733681216,0.03248221562204111,cgd
poly,2.0,,0.5,0.8102392945123877,0.06358365044164291,cgd
poly,2.0,,1.0,0.7911552220667719,0.04016590325155637,cgd
poly,2.0,,2.0,0.8043400147640879,0.06784004545696576,cgd
poly,2.0,,4.0,0.7822510278697236,0.0393523358912443,cgd
poly,2.0,,8.0,0.7959785423024929,0.049740423200989994,cgd
poly,4.0,,0.125,0.8529977771019432,0.03384002260626106,cgd
poly,4.0,,0.25,0.7965968805813736,0.027760809227029344,cgd
poly,4.0,,0.5,0.7943966212207959,0.04117826504325821,cgd
poly,4.0,,1.0,0.7826119911310181,0.04516217140877726,cgd
poly,4.0,,2.0,0.7933711587668275,0.041364700797488524,cgd
poly,4.0,,4.0,0.7857094728757484,0.03034208107363531,cgd
poly,4.0,,8.0,0.7601689636932327,0.053009069836094186,cgd
cauchy,0.25,,0.125,0.6712943420623378,0.08514882898190909,cgd
cauchy,0.25,,0.25,0.672821804530557,0.060689489824802156,cgd
cauchy,0.25,,0.5,0.6810119037112575,0.06774366746194234,cgd
cauchy,0.25,,1.0,0.6627675608553539,0.05476808304834017,cgd
cauchy,0.25,,2.0,0.6464135818881052,0.05056022102665369,cgd
cauchy,0.25,,4.0,0.6824456562693835,0.03844151683442714,cgd
cauchy,0.25,,8.0,0.694869789419471,0.04588338718740162,cgd
cauchy,0.5,,0.125,0.6977066092125865,0.057481092228414264,cgd
cauchy,0.5,,0.25,0.667709785680547,0.07293041932021647,cgd
cauchy,0.5,,0.5,0.6760275753945961,0.04629756894201638,cgd
cauchy,0.5,,1.0,0.6605982667617885,0.023515305462993824,cgd
cauchy,0.5,,2.0,0.660896339912262,0.062220416484174056,cgd
cauchy,0.5,,4.0,0.6931941875637909,0.04092247826716085,cgd
cauchy,0.5,,8.0,0.6589994513010852,0.05927857649209318,cgd
cauchy,1.0,,0.125,0.6849687553954517,0.05002137750927095,cgd
cauchy,1.0,,0.25,0.6907317565237006,0.05488257050220363,cgd
cauchy,1.0,,0.5,0.6598843569090082,0.07941988549261877,cgd
cauchy,1.0,,1.0,0.6335795385375377,0.048144045097596115,cgd
cauchy,1.0,,2.0,0.6282138044946827,0.0606772837329585,cgd
cauchy,1.0,,4.0,0.6700064930576684,0.044938273765778025,cgd
cauchy,1.0,,8.0,0.6719342764013982,0.06189052063766348,cgd
cauchy,2.0,,0.125,0.6546992613552501,0.04922770717011146,cgd
cauchy,2.0,,0.25,0.674024085510718,0.04541606634065895,cgd
cauchy,2.0,,0.5,0.6513623734846795,0.09055943154731576,cgd
cauchy,2.0,,1.0,0.6446189667805085,0.05761533274133864,cgd
cauchy,2.0,,2.0,0.6932947342307663,0.07657966128764823,cgd
cauchy,2.0,,4.0,0.6728395594087422,0.07710200562041672,cgd
cauchy,2.0,,8.0,0.6703908115963125,0.08116214050920072,cgd
cauchy,4.0,,0.125,0.7110217201963321,0.05269213085583047,cgd
cauchy,4.0,,0.25,0.6700417663238836,0.05581255623187389,cgd
cauchy,4.0,,0.5,0.6691958810418517,0.07751855773545929,cgd
cauchy,4.0,,1.0,0.6532249273874495,0.03641522256383444,cgd
cauchy,4.0,,2.0,0.6573039046537676,0.06594073808977305,cgd
cauchy,4.0,,4.0,0.6635422506338009,0.061416137400351664,cgd
cauchy,4.0,,8.0,0.6679620966362887,0.03432191800093783,cgd
laplacian,0.25,,0.125,0.7818711476641875,0.05371166248725856,cgd
laplacian,0.25,,0.25,0.6734882297677287,0.049826372269043954,cgd
laplacian,0.25,,0.5,0.6748331945486394,0.07422391422520616,cgd
laplacian,0.25,,1.0,0.6986179578919669,0.04096839511966286,cgd
laplacian,0.25,,2.0,0.6760251619705222,0.0631745333737927,cgd
laplacian,0.25,,4.0,0.6642282169691757,0.03500461826164693,cgd
laplacian,0.25,,8.0,0.5888672397969197,0.059840402695630124,cgd
laplacian,0.5,,0.125,0.7490221542939263,0.05619797139285181,cgd
laplacian,0.5,,0.25,0.6634947866636628,0.0669646332244176,cgd
laplacian,0.5,,0.5,0.7183949059834775,0.07864507994997282,cgd
laplacian,0.5,,1.0,0.6885572363612515,0.030997322537813232,cgd
laplacian,0.5,,2.0,0.6772983574062399,0.07908078893131647,cgd
laplacian,0.5,,4.0,0.6618603990715879,0.05229674029734514,cgd
laplacian,0.5,,8.0,0.5834612809566,0.024762648510511014,cgd
laplacian,1.0,,0.125,0.7421360302487894,0.03312349131273265,cgd
laplacian,1.0,,0.25,0.6865600294010252,0.07325698797155163,cgd
laplacian,1.0,,0.5,0.6784442886865909,0.04650346287730735,cgd
laplacian,1.0,,1.0,0.6591166234657375,0.045021667036341695,cgd
laplacian,1.0,,2.0,0.6911367812842175,0.06145143271982203,cgd
laplacian,1.0,,4.0,0.6431396484893253,0.03994243914199793,cgd
laplacian,1.0,,8.0,0.6013951017552425,0.02472835149473084,cgd
laplacian,2.0,,0.125,0.7639670021760345,0.05616790916969982,cgd
laplacian,2.0,,0.25,0.6280935448635754,0.043851294821394896,cgd
laplacian,2.0,,0.5,0.6960247945582185,0.04821397777212124,cgd
laplacian,2.0,,1.0,0.6993483348302832,0.0429859346349899,cgd
laplacian,2.0,,2.0,0.6539230547973959,0.05596324663355914,cgd
laplacian,2.0,,4.0,0.6723160369063998,0.05334053047822281,cgd
laplacian,2.0,,8.0,0.6023502519059051,0.03702474186706813,cgd
laplacian,4.0,,0.125,0.761198416913596,0.040822645905435245,cgd
laplacian,4.0,,0.25,0.6554032899786467,0.03546514099872837,cgd
laplacian,4.0,,0.5,0.7007244374088641,0.046511778028941846,cgd
laplacian,4.0,,1.0,0.6655651963258405,0.0441351505602057,cgd
laplacian,4.0,,2.0,0.6737624739704389,0.04544312647012808,cgd
laplacian,4.0,,4.0,0.6723393015266825,0.04405027719206128,cgd
laplacian,4.0,,8.0,0.6096175641407326,0.030901757182687176,cgd
wavelet,0.25,0.125,,0.49575246670320594,0.010060452759580646,lung
wavelet,0.25,0.25,,0.500116328722792,0.03472032581259624,lung
wavelet,0.25,0.5,,0.4676398144656499,0.032681598102354104,lung
wavelet,0.25,1.0,,0.49595617520366286,0.03352997307181209,lung
wavelet,0.25,2.0,,0.549573135115599,0.04693342505486161,lung
wavelet,0.25,4.0,,0.6442823891040141,0.04066364313793245,lung
wavelet,0.25,8.0,,0.6751057862448298,0.046092466329409325,lung
wavelet,0.5,0.125,,0.4992306410691444,0.007113333882361511,lung
wavelet,0.5,0.25,,0.509854605487505,0.037139870276812335,lung
wavelet,0.5,0.5,,0.4776096309211123,0.061176223325149805,lung
wavelet,0.5,1.0,,0.5024721506667446,0.03885952790824472,lung
wavelet,0.5,2.0,,0.5293224418367373,0.021833049927250846,lung
wavelet,0.5,4.0,,0.6309906495485611,0.043416486225745725,lung
wavelet,0.5,8.0,,0.6884551501953016,0.041259792737829155,lung
wavelet,1.0,0.125,,0.5074301431776909,0.01817443585647961,lung
wavelet,1.0,0.25,,0.5095056771572615,0.038274162607456,lung
wavelet,1.0,0.5,,0.483248238955034,0.023460641830989573,lung
wavelet,1.0,1.0,,0.5129285795408979,0.036810650335884265,lung
wavelet,1.0,2.0,,0.5423202852131654,0.03723627326460907,lung
wavelet,1.0,4.0,,0.6094935559684076,0.05061842572636805,lung
wavelet,1.0,8.0,,0.7082000615042596,0.03577766825891277,lung
wavelet,2.0,0.125,,0.5016699653089659,0.018613216332082936,lung
wavelet,2.0,0.25,,0.49321917245164393,0.0453653683525502,lung
wavelet,2.0,0.5,,0.46285232086945116,0.04851693478595542,lung
wavelet,2.0,1.0,,0.5174609282516037,0.0346626971182307,lung
wavelet,2.0,2.0,,0.5383407923659219,0.03729037185987424,lung
wavelet,2.0,4.0,,0.6277697688248635,0.036033517695841885,lung
wavelet,2.0,8.0,,0.6828915856051456,0.059703238065207144,lung
wavelet,4.0,0.125,,0.5095727590139697,0.014137653246352367,lung
wavelet,4.0,0.25,,0.49258338008515556,0.04058269419700155,lung
wavelet,4.0,0.5,,0.45507704054879533,0.03586298046253452,lung
wavelet,4.0,1.0,,0.48867544934468227,0.05125574357276354,lung
wavelet,4.0,2.0,,0.5082199996543968,0.05698108989667507,lung
wavelet,4.0,4.0,,0.639745194091583,0.04876094413572205,lung
wavelet,4.0,8.0,,0.6891936560007529,0.033660311219299875,lung
linear,0.25,,0.125,0.601062563455257,0.03281386230367114,lung
linear,0.25,,0.25,0.6120195921595784,0.0577929344216499,lung
linear,0.25,,0.5,0.5870545079922312,0.04706627893924684,lung
linear,0.25,,1.0,0.5726078170148032,0.0479547505321972,lung
linear,0.25,,2.0,0.6290960430580105,0.053494695609667145,lung
linear,0.25,,4.0,0.6129237032918254,0.04061493468816821,lung
linear,0.25,,8.0,0.5940716630666746,0.06868046182865882,lung
linear,0.5,,0.125,0.5888436372528225,0.060656090416710336,lung
linear,0.5,,0.25,0.5942205493250942,0.08081118775615503,lung
linear,0.5,,0.5,0.5982273134927819,0.04288497387867569,lung
linear,0.5,,1.0,0.5723802597961501,0.053546038451172076,lung
linear,0.5,,2.0,0.5906970063668726,0.04599905358377969,lung
linear,0.5,,4.0,0.5760075970056678,0.04628282474288737,lung
linear,0.5,,8.0,0.5976999752858806,0.08054241134517402,lung
linear,1.0,,0.125,0.5935094331529329,0.03732670782333792,lung
linear,1.0,,0.25,0.6079361607409003,0.043631816806452575,lung
linear,1.0,,0.5,0.6200819167344085,0.042301837040337055,lung
linear,1.0,,1.0,0.6004120777733355,0.028662881220994196,lung
linear,1.0,,2.0,0.5572533944235872,0.04133442139773569,lung
linear,1.0,,4.0,0.6047225545378803,0.04906153022471,lung
linear,1.0,,8.0,0.6035971992053359,0.06840990811226155,lung
linear,2.0,,0.125,0.5772743112673381,0.04692842746195789,lung
linear,2.0,,0.25,0.597506771418395,0.03433271589436063,lung
linear,2.0,,0.5,0.5884178674649071,0.043145623419559014,lung
linear,2.0,,1.0,0.5846283057167334,0.03966479961115851,lung
linear,2.0,,2.0,0.6164772591179886,0.04546689648072037,lung
linear,2.0,,4.0,0.5889469143730556,0.05871559567888886,lung
linear,2.0,,8.0,0.562835190410248,0.038288660162976856,lung
linear,4.0,,0.125,0.6070889266495241,0.049018780742304986,lung
linear,4.0,,0.25,0.5902921971525539,0.060477102577619166,lung
linear,4.0,,0.5,0.6296349152679,0.04641223575116704,lung
linear,4.0,,1.0,0.5858948109217244,0.06740148519820623,lung
linear,4.0,,2.0,0.5901202763649864,0.055468053986747194,lung
linear,4.0,,4.0,0.5877758893685927,0.03740758178524698,lung
linear,4.0,,8.0,0.5896299511101282,0.04943083055978817,lung
rbf,0.25,,0.125,0.644409763634061,0.028891333284519784,lung
rbf,0.25,,0.25,0.6230770700721712,0.0207497128943705,lung
rbf,0.25,,0.5,0.595458571803181,0.041932411663509986,lung
rbf,0.25,,1.0,0.5239981218002623,0.057472711524503006,lung
rbf,0.25,,2.0,0.49778328045275666,0.024742957001697666,lung
rbf,0.25,,4.0,0.47568417485507936,0.02810166542918619,lung
rbf,0.25,,8.0,0.4788197941403224,0.02030238543436334,lung
rbf,0.5,,0.125,0.6467207256690164,0.044432564834315944,lung
rbf,0.5,,0.25,0.6139399045406603,0.04795612021318128,lung
rbf,0.5,,0.5,0.5532380416534741,0.043768059077960934,lung
rbf,0.5,,1.0,0.5125219507168188,0.05684704154956328,lung
rbf,0.5,,2.0,0.49959007793978066,0.054656378693235766,lung
rbf,0.5,,4.0,0.4614705078526872,0.03779172083451468,lung
rbf,0.5,,8.0,0.4791627544216692,0.03630764163113904,lung
rbf,1.0,,0.125,0.6664919523761033,0.044179108833586334,lung
rbf,1.0,,0.25,0.6190233626381519,0.036845703867837774,lung
rbf,1.0,,0.5,0.5853510430521502,0.032652356048211116,lung
rbf,1.0,,1.0,0.5194738476984779,0.04675444331658805,lung
rbf,1.0,,2.0,0.5199935274624254,0.04007437824365386,lung
rbf,1.0,,4.0,0.47532096950458574,0.07925265284145774,lung
rbf,1.0,,8.0,0.44250118046600584,0.03162732002044815,lung
rbf,2.0,,0.125,0.6589047365987704,0.022672378543215906,lung
rbf,2.0,,0.25,0.5967578076155452,0.026520771399277686,lung
rbf,2.0,,0.5,0.5762018246044998,0.03902317880094054,lung
rbf,2.0,,1.0,0.5292600064379638,0.05254712069391705,lung
rbf,2.0,,2.0,0.513299929734866,0.03898729439570724,lung
rbf,2.0,,4.0,0.46098959052288657,0.04919113696639728,lung
rbf,2.0,,8.0,0.46764628355755244,0.039889428889598656,lung
rbf,4.0,,0.125,0.6414092400056803,0.039066618336620555,lung
rbf,4.0,,0.25,0.6598948415827719,0.05885680184782417,lung
rbf,4.0,,0.5,0.5845229988526472,0.0404127732349209,lung
rbf,4.0,,1.0,0.5598474768111309,0.06040550772751004,lung
rbf,4.0,,2.0,0.4909418549526757,0.041597942487081666,lung
rbf,4.0,,4.0,0.441066340575676,0.06117129619332683,lung
rbf,4.0,,8.0,0.45500658731635396,0.041524857927298986,lung
exponential,0.25,,0.125,0.6932904461599114,0.04921820275005992,lung
exponential,0.25,,0.25,0.7064624352045297,0.047457440395017245,lung
exponential,0.25,,0.5,0.654265221359313,0.05139504873431653,lung
exponential,0.25,,1.0,0.6319451649939805,0.038388668891867324,lung
exponential,0.25,,2.0,0.5578364779366367,0.032182727543120494,lung
exponential,0.25,,4.0,0.5071692060115673,0.03691468807709303,lung
exponential,0.25,,8.0,0.480917027515441,0.0611563762148051,lung
exponential,0.5,,0.125,0.6720274781741716,0.05036451730528908,lung
exponential,0.5,,0.25,0.6531660222107133,0.044853281465198395,lung
exponential,0.5,,0.5,0.6368450065742874,0.06965314814972952,lung
exponential,0.5,,1.0,0.622963614920989,0.031648081335285315,lung
exponential,0.5,,2.0,0.567407484150498,0.04290885698283339,lung
exponential,0.5,,4.0,0.5165090085476942,0.02670387950739685,lung
exponential,0.5,,8.0,0.4703122904040695,0.036525009800972126,lung
exponential,1.0,,0.125,0.687448369667796,0.05205564981222058,lung
exponential,1.0,,0.25,0.6884606759003667,0.035401122770031705,lung
exponential,1.0,,0.5,0.6604922267039587,0.048476944371123924,lung
exponential,1.0,,1.0,0.6307864609485391,0.0455691522855066,lung
exponential,1.0,,2.0,0.5874480554982948,0.030837832719812015,lung
exponential,1.0,,4.0,0.49863334408335785,0.03670877016458351,lung
exponential,1.0,,8.0,0.49511080676722913,0.03858215302885157,lung
exponential,2.0,,0.125,0.6868372760449188,0.037241743587972276,lung
exponential,2.0,,0.25,0.6871295009088274,0.04920652502145331,lung
exponential,2.0,,0.5,0.6797443960536989,0.027514327181323687,lung
exponential,2.0,,1.0,0.6279246010774789,0.047856465737954344,lung
exponential,2.0,,2.0,0.571110543160519,0.045857183116173275,lung
exponential,2.0,,4.0,0.5182094091590956,0.04988071672282309,lung
exponential,2.0,,8.0,0.4400037834354397,0.04786417036213761,lung
exponential,4.0,,0.125,0.6960052110917541,0.044003918657380466,lung
exponential,4.0,,0.25,0.7213922271733527,0.04910870964937077,lung
exponential,4.0,,0.5,0.6471959560966462,0.03411754374569126,lung
exponential,4.0,,1.0,0.6354252025481212,0.04893176422225731,lung
exponential,4.0,,2.0,0.5953285668855386,0.04599566188998891,lung
exponential,4.0,,4.0,0.4886185602931197,0.024917558158545326,lung
exponential,4.0,,8.0,0.48373095269715327,0.05631572562245126,lung
poly,0.25,,0.125,0.6753257554200911,0.07213915972135657,lung
poly,0.25,,0.25,0.6384145485238337,0.04287596881095035,lung
poly,0.25,,0.5,0.6353003745256621,0.0455478060135991,lung
poly,0.25,,1.0,0.6181439527014333,0.04260295482836377,lung
poly,0.25,,2.0,0.6071844208635586,0.0399624294382894,lung
poly,0.25,,4.0,0.5714935876985096,0.05963352502505079,lung
poly,0.25,,8.0,0.5314666333084234,0.039114740314788274,lung
poly,0.5,,0.125,0.6509575209864364,0.04164740146601625,lung
poly,0.5,,0.25,0.6489874516681209,0.032358976025484786,lung
poly,0.5,,0.5,0.6166698371637402,0.04013938920658657,lung
poly,0.5,,1.0,0.5767800983310261,0.045982672256968005,lung
poly,0.5,,2.0,0.5861659473911263,0.044405993042796854,lung
poly,0.5,,4.0,0.57269672516884,0.07624708408959562,lung
poly,0.5,,8.0,0.5875692326936607,0.03851995787888095,lung
poly,1.0,,0.125,0.6720383502835215,0.03659328392502415,lung
poly,1.0,,0.25,0.6680559702209086,0.026881857966444093,lung
poly,1.0,,0.5,0.6461504680226253,0.04597148673658055,lung
poly,1.0,,1.0,0.6028795704428479,0.03169361484111428,lung
poly,1.0,,2.0,0.5761389903729299,0.04631803989164936,lung
poly,1.0,,4.0,0.5486682432303187,0.03570804032987897,lung
poly,1.0,,8.0,0.6205126402121107,0.05724218714964854,lung
poly,2.0,,0.125,0.6788037450444755,0.030769845023702426,lung
poly,2.0,,0.25,0.660692058004598,0.042993941399154315,lung
poly,2.0,,0.5,0.6238867837083693,0.04039448246913054,lung
poly,2.0,,1.0,0.5810957686656069,0.05194871287546066,lung
poly,2.0,,2.0,0.5565506253089876,0.046379016787070376,lung
poly,2.0,,4.0,0.5562017802089244,0.04774845637937567,lung
poly,2.0,,8.0,0.553641434667767,0.03354974023498454,lung
poly,4.0,,0.125,0.6711036751830577,0.03659288662750257,lung
poly,4.0,,0.25,0.6605010195580443,0.027994953656032644,lung
poly,4.0,,0.5,0.630912814814279,0.040995605377463,lung
poly,4.0,,1.0,0.5772505749732438,0.03956576322228608,lung
poly,4.0,,2.0,0.5681798121764414,0.05145393447692299,lung
poly,4.0,,4.0,0.5884998858273628,0.05431722158929231,lung
poly,4.0,,8.0,0.5631204349829018,0.06690396353656002,lung
cauchy,0.25,,0.125,0.7096030010676216,0.04955236858554766,lung
cauchy,0.25,,0.25,0.6696088966062972,0.04121727952396758,lung
cauchy,0.25,,0.5,0.6658782611393822,0.037017746111850436,lung
cauchy,0.25,,1.0,0.6541492818388315,0.053481890363660314,lung
cauchy,0.25,,2.0,0.6423922268240332,0.030686168444866543,lung
cauchy,0.25,,4.0,0.6462845844893488,0.034913743587541304,lung
cauchy,0.25,,8.0,0.6122540227174135,0.031273908499144805,lung
cauchy,0.5,,0.125,0.672405877857664,0.05881958468374347,lung
cauchy,0.5,,0.25,0.6739755988094801,0.03157178342242502,lung
cauchy,0.5,,0.5,0.6614277405756254,0.042004843103516286,lung
cauchy,0.5,,1.0,0.621911446965395,0.027648634390159695,lung
cauchy,0.5,,2.0,0.623499122158546,0.031144845904093284,lung
cauchy,0.5,,4.0,0.5937610259151678,0.07558875420226514,lung
cauchy,0.5,,8.0,0.6207552227382573,0.04798285331986083,lung
cauchy,1.0,,0.125,0.6810359525529467,0.04746607290224769,lung
cauchy,1.0,,0.25,0.6585087865638466,0.04871971503421945,lung
cauchy,1.0,,0.5,0.656224060275197,0.0612228634376587,lung
cauchy,1.0,,1.0,0.6204230261588113,0.042871216939438864,lung
cauchy,1.0,,2.0,0.6080701965453308,0.0608596142778575,lung
cauchy,1.0,,4.0,0.6277468386499527,0.056026641277772155,lung
cauchy,1.0,,8.0,0.6106796973352429,0.04410350329996482,lung
cauchy,2.0,,0.125,0.6953701442610387,0.06168709960543729,lung
cauchy,2.0,,0.25,0.6552909625612828,0.03548452719381024,lung
cauchy,2.0,,0.5,0.6656668933661378,0.047217988802459504,lung
cauchy,2.0,,1.0,0.6464962623346605,0.03242209963270465,lung
cauchy,2.0,,2.0,0.6348271692361424,0.047659260937243916,lung
cauchy,2.0,,4.0,0.6465930432033852,0.039385167986417495,lung
cauchy,2.0,,8.0,0.6189802944625734,0.045497809068107804,lung
cauchy,4.0,,0.125,0.6857887623393386,0.032080381423597044,lung
cauchy,4.0,,0.25,0.6430129225753628,0.050019389589976176,lung
cauchy,4.0,,0.5,0.6456572986925994,0.04784418548938946,lung
cauchy,4.0,,1.0,0.6687274076659975,0.03228208071681763,lung
cauchy,4.0,,2.0,0.6154422549714534,0.050315592560150744,lung
cauchy,4.0,,4.0,0.6245925174405413,0.02776754236992451,lung
cauchy,4.0,,8.0,0.6232379276469029,0.03741341440735444,lung
laplacian,0.25,,0.125,0.6844376933367589,0.022486713387112015,lung
laplacian,0.25,,0.25,0.6349080284167098,0.045542942204537154,lung
laplacian,0.25,,0.5,0.6146535914065451,0.04001425570286071,lung
laplacian,0.25,,1.0,0.5674808328800716,0.04170742028243591,lung
laplacian,0.25,,2.0,0.5217057143293049,0.05021074253677581,lung
laplacian,0.25,,4.0,0.47118836824752786,0.05642481133359452,lung
laplacian,0.25,,8.0,0.48156483934799094,0.03415242055556063,lung
laplacian,0.5,,0.125,0.6713844572452384,0.02474205864575743,lung
laplacian,0.5,,0.25,0.6623632627285214,0.04484289267587069,lung
laplacian,0.5,,0.5,0.6238288601451792,0.03460849284466659,lung
laplacian,0.5,,1.0,0.5683831445648109,0.04213177670457153,lung
laplacian,0.5,,2.0,0.5103566893972559,0.04804595940789555,lung
laplacian,0.5,,4.0,0.5058167896270869,0.06237920663271468,lung
laplacian,0.5,,8.0,0.5023656626817402,0.02946802409093286,lung
laplacian,1.0,,0.125,0.7044689425930555,0.035827046282869285,lung
laplacian,1.0,,0.25,0.6557100089615385,0.03785624649845701,lung
laplacian,1.0,,0.5,0.6028495962393073,0.02775648265622861,lung
laplacian,1.0,,1.0,0.5673309575057602,0.03985144226926129,lung
laplacian,1.0,,2.0,0.5174191226172292,0.0530999456824347,lung
laplacian,1.0,,4.0,0.48038758230615236,0.04267803356346326,lung
laplacian,1.0,,8.0,0.4942959806318769,0.022373727357708793,lung
laplacian,2.0,,0.125,0.7054785712768645,0.046853372104486576,lung
laplacian,2.0,,0.25,0.6615023252792962,0.041674967974064,lung
laplacian,2.0,,0.5,0.6049467913259656,0.04594631333418663,lung
laplacian,2.0,,1.0,0.5499667380713376,0.03975501788775287,lung
laplacian,2.0,,2.0,0.5539922837962368,0.05137889319573741,lung
laplacian,2.0,,4.0,0.5005281428762971,0.044971887795028254,lung
laplacian,2.0,,8.0,0.4979760482495698,0.0370802579786969,lung
laplacian,4.0,,0.125,0.7295083855167037,0.04960775706094185,lung
laplacian,4.0,,0.25,0.6581219878293045,0.03697614402476111,lung
laplacian,4.0,,0.5,0.6409624512185361,0.03566145660400979,lung
laplacian,4.0,,1.0,0.5451116646977535,0.03683324887264192,lung
laplacian,4.0,,2.0,0.5239072863482299,0.036663077801961395,lung
laplacian,4.0,,4.0,0.490291057775439,0.04351518920025935,lung
laplacian,4.0,,8.0,0.4811464256240967,0.03255105618079513,lung
wavelet,0.25,0.125,,0.5885478513574489,0.17010750465178742,ovarian
wavelet,0.25,0.25,,0.2628213208360267,0.17242878265017061,ovarian
wavelet,0.25,0.5,,0.43788563288563287,0.14666653024590817,ovarian
wavelet,0.25,1.0,,0.5126368125338713,0.27161344972965895,ovarian
wavelet,0.25,2.0,,0.6565644920381762,0.20514979745766382,ovarian
wavelet,0.25,4.0,,0.9266519607843138,0.09928240231994322,ovarian
wavelet,0.25,8.0,,0.9462424242424243,0.057666786095196335,ovarian
wavelet,0.5,0.125,,0.5908485305544129,0.1374790396715871,ovarian
wavelet,0.5,0.25,,0.429263701440172,0.1363947085998661,ovarian
wavelet,0.5,0.5,,0.45034046345811046,0.141581397761613,ovarian
wavelet,0.5,1.0,,0.5438986013986014,0.24692864532459888,ovarian
wavelet,0.5,2.0,,0.5220936285936285,0.14261076389920185,ovarian
wavelet,0.5,4.0,,0.883878343878344,0.06001863930792605,ovarian
wavelet,0.5,8.0,,0.9366400135811901,0.04420462685435562,ovarian
wavelet,1.0,0.125,,0.5672397047397048,0.15974289680631984,ovarian
wavelet,1.0,0.25,,0.40083857370699477,0.2500840470963236,ovarian
wavelet,1.0,0.5,,0.4891304347826087,0.1749707128529992,ovarian
wavelet,1.0,1.0,,0.6007346035606905,0.13116710948980703,ovarian
wavelet,1.0,2.0,,0.6368287112709309,0.2644293996790179,ovarian
wavelet,1.0,4.0,,0.8488406227664539,0.12414452034420148,ovarian
wavelet,1.0,8.0,,0.9473394383394383,0.0404640469484371,ovarian
wavelet,2.0,0.125,,0.5779164516683867,0.1309933003548717,ovarian
wavelet,2.0,0.25,,0.3333487819370172,0.1430071647154218,ovarian
wavelet,2.0,0.5,,0.45848691163908556,0.20402994092291557,ovarian
wavelet,2.0,1.0,,0.5997867908665123,0.17771022805843825,ovarian
wavelet,2.0,2.0,,0.704126984126984,0.17584651109661686,ovarian
wavelet,2.0,4.0,,0.9161257763975155,0.07280756993124632,ovarian
wavelet,2.0,8.0,,0.9640451127819549,0.03263822353225566,ovarian
wavelet,4.0,0.125,,0.5989881251645958,0.08683016184725263,ovarian
wavelet,4.0,0.25,,0.5096110303251237,0.11726156119116722,ovarian
wavelet,4.0,0.5,,0.40879271708683473,0.2732762308576376,ovarian
wavelet,4.0,1.0,,0.5226160130718955,0.20056431244401263,ovarian
wavelet,4.0,2.0,,0.6328235294117647,0.23347384648889138,ovarian
wavelet,4.0,4.0,,0.8645195625630407,0.03452078537431944,ovarian
wavelet,4.0,8.0,,0.9003072091307386,0.057630268527491084,ovarian
linear,0.25,,0.125,0.9531428571428571,0.066535653579708,ovarian
linear,0.25,,0.25,0.9020322528983857,0.05979064663745645,ovarian
linear,0.25,,0.5,0.9356086506086505,0.07008381280160737,ovarian
linear,0.25,,1.0,0.9504001145912909,0.0425086212044902,ovarian
linear,0.25,,2.0,0.9172878787878789,0.06719817224163972,ovarian
linear,0.25,,4.0,0.899995242277851,0.097721666891888,ovarian
linear,0.25,,8.0,0.931259995451172,0.03457995233485684,ovarian
linear,0.5,,0.125,0.8694876382199036,0.05565753771858294,ovarian
linear,0.5,,0.25,0.9554932920536634,0.05979813947299917,ovarian
linear,0.5,,0.5,0.9207037759058219,0.07792825373581853,ovarian
linear,0.5,,1.0,0.9545843045843047,0.07063754405075794,ovarian
linear,0.5,,2.0,0.9418449197860962,0.09114973360073915,ovarian
linear,0.5,,4.0,0.9450362021654927,0.03835008220704581,ovarian
linear,0.5,,8.0,0.9114477483301012,0.06271331498991464,ovarian
linear,1.0,,0.125,0.9550110123794333,0.03560236262639244,ovarian
linear,1.0,,0.25,0.9238070175438597,0.08807444072987329,ovarian
linear,1.0,,0.5,0.9738095238095239,0.04200355118221982,ovarian
linear,1.0,,1.0,0.9375315126050421,0.06844072316142105,ovarian
linear,1.0,,2.0,0.9649853719265484,0.049210831539043355,ovarian
linear,1.0,,4.0,0.9489498504715896,0.05930467014527279,ovarian
linear,1.0,,8.0,0.95734133126935,0.06344223344406748,ovarian
linear,2.0,,0.125,0.9480101010101011,0.042529818128674825,ovarian
linear,2.0,,0.25,0.9465175565175565,0.053162467785854685,ovarian
linear,2.0,,0.5,0.9669545454545455,0.05689560179954362,ovarian
linear,2.0,,1.0,0.9396479092989389,0.04840167973235617,ovarian
linear,2.0,,2.0,0.9344518593559513,0.05707120795821025,ovarian
linear,2.0,,4.0,0.9539840863881783,0.060327132034982016,ovarian
linear,2.0,,8.0,0.9335168020385411,0.0757460133928993,ovarian
linear,4.0,,0.125,0.9413323713323711,0.07676507823613665,ovarian
linear,4.0,,0.25,0.9271732026143791,0.05967887789876904,ovarian
linear,4.0,,0.5,0.9516489898989899,0.05008051884484221,ovarian
linear,4.0,,1.0,0.9205513331697542,0.08299856729665782,ovarian
linear,4.0,,2.0,0.9515170755170755,0.057933483053372384,ovarian
linear,4.0,,4.0,0.8911549461890018,0.05975213993287073,ovarian
linear,4.0,,8.0,0.9058191311612365,0.07576090704882803,ovarian
rbf,0.25,,0.125,0.8752815669595856,0.12196311889860455,ovarian
rbf,0.25,,0.25,0.881142942025295,0.08136859195875012,ovarian
rbf,0.25,,0.5,0.9154221544198661,0.07407376013860888,ovarian
rbf,0.25,,1.0,0.8170403943882205,0.16366297427074658,ovarian
rbf,0.25,,2.0,0.7478902578902579,0.16464183010490946,ovarian
rbf,0.25,,4.0,0.8163544973544973,0.19026099351631978,ovarian
rbf,0.25,,8.0,0.8146031746031746,0.0999604356099291,ovarian
rbf,0.5,,0.125,0.9178135391178868,0.09329095799426186,ovarian
rbf,0.5,,0.25,0.7772039997039998,0.22491916797700226,ovarian
rbf,0.5,,0.5,0.8521692860279817,0.1278166028124175,ovarian
rbf,0.5,,1.0,0.8560924636286954,0.21401967431313954,ovarian
rbf,0.5,,2.0,0.8201746031746031,0.14374907867199574,ovarian
rbf,0.5,,4.0,0.6749790322399017,0.23878929023332923,ovarian
rbf,0.5,,8.0,0.8148748361917866,0.11218703287930878,ovarian
rbf,1.0,,0.125,0.9235804642454261,0.06692913502238863,ovarian
rbf,1.0,,0.25,0.8655833333333334,0.14572426874065966,ovarian
rbf,1.0,,0.5,0.8478863636363636,0.12642002615975542,ovarian
rbf,1.0,,1.0,0.7567812441182006,0.27537526063800205,ovarian
rbf,1.0,,2.0,0.8491397524044583,0.14245456374130167,ovarian
rbf,1.0,,4.0,0.7284960317460318,0.2598562639604848,ovarian
rbf,1.0,,8.0,0.784156419265115,0.1587757552324328,ovarian
rbf,2.0,,0.125,0.9319569000195599,0.07342325107954381,ovarian
rbf,2.0,,0.25,0.8546517492169666,0.1777800756738405,ovarian
rbf,2.0,,0.5,0.871924178762414,0.09409313884600078,ovarian
rbf,2.0,,1.0,0.7421716355539885,0.17268181242053443,ovarian
rbf,2.0,,2.0,0.8607377769289535,0.08729576725754559,ovarian
rbf,2.0,,4.0,0.6931240981240983,0.2679536890735795,ovarian
rbf,2.0,,8.0,0.7722931521093286,0.1745664894296662,ovarian
rbf,4.0,,0.125,0.8565915103415103,0.15904597960233083,ovarian
rbf,4.0,,0.25,0.9052438672438674,0.06495351099233448,ovarian
rbf,4.0,,0.5,0.8762143601401913,0.1202378676656405,ovarian
rbf,4.0,,1.0,0.869584402525579,0.09196914683929004,ovarian
rbf,4.0,,2.0,0.8584530573896572,0.1075093619022296,ovarian
rbf,4.0,,4.0,0.7696750225365787,0.10198965562759482,ovarian
rbf,4.0,,8.0,0.7462742673992674,0.20625482357997119,ovarian
exponential,0.25,,0.125,0.9152292490118578,0.0638198268647872,ovarian
exponential,0.25,,0.25,0.955050505050505,0.07068722665259636,ovarian
exponential,0.25,,0.5,0.9052525252525253,0.07133065570011184,ovarian
exponential,0.25,,1.0,0.8795458342826764,0.1781850538336592,ovarian
exponential,0.25,,2.0,0.8780610555022321,0.14776004158859457,ovarian
exponential,0.25,,4.0,0.8392738095238096,0.060176809827732505,ovarian
exponential,0.25,,8.0,0.7672888530906433,0.15432005312273916,ovarian
exponential,0.5,,0.125,0.8825052625169061,0.0914305275795605,ovarian
exponential,0.5,,0.25,0.9554642857142858,0.046914624597600554,ovarian
exponential,0.5,,0.5,0.8936439393939393,0.08740949561667381,ovarian
exponential,0.5,,1.0,0.8210930735930736,0.11247260439261815,ovarian
exponential,0.5,,2.0,0.8870202020202018,0.17275090658797318,ovarian
exponential,0.5,,4.0,0.8631644969362361,0.11884207396380381,ovarian
exponential,0.5,,8.0,0.7911135713007694,0.1068771014089648,ovarian
exponential,1.0,,0.125,0.914131878441476,0.05868081199470009,ovarian
exponential,1.0,,0.25,0.9446388028895768,0.05998860001438589,ovarian
exponential,1.0,,0.5,0.8347419746115399,0.10697728737190694,ovarian
exponential,1.0,,1.0,0.8916374883286646,0.06482934792677097,ovarian
exponential,1.0,,2.0,0.7575279034690798,0.268644005429086,ovarian
exponential,1.0,,4.0,0.8140697640566061,0.12258019254443209,ovarian
exponential,1.0,,8.0,0.7952366358558309,0.0841508279265036,ovarian
exponential,2.0,,0.125,0.9752622377622379,0.031106601647355157,ovarian
exponential,2.0,,0.25,0.9014081027667983,0.09692880419771636,ovarian
exponential,2.0,,0.5,0.9050200779612542,0.09507262817964322,ovarian
exponential,2.0,,1.0,0.8785503754931,0.06017443384972826,ovarian
exponential,2.0,,2.0,0.9013997113997114,0.06319543393884679,ovarian
exponential,2.0,,4.0,0.7850838567750332,0.1861640408590954,ovarian
exponential,2.0,,8.0,0.7445681513712205,0.17066084847015733,ovarian
exponential,4.0,,0.125,0.9681590909090911,0.038890932731940615,ovarian
exponential,4.0,,0.25,0.903368686868687,0.07431570646316754,ovarian
exponential,4.0,,0.5,0.914635832004253,0.0828188515665269,ovarian
exponential,4.0,,1.0,0.8528708513708512,0.11745007012756643,ovarian
exponential,4.0,,2.0,0.8036862745098039,0.1436726141389221,ovarian
exponential,4.0,,4.0,0.8683867813473076,0.09790449153362235,ovarian
exponential,4.0,,8.0,0.8118803753149729,0.15829711677771913,ovarian
poly,0.25,,0.125,0.9362963458110517,0.06107791929422826,ovarian
poly,0.25,,0.25,0.9216135808635808,0.06996741731575153,ovarian
poly,0.25,,0.5,0.8862424930366444,0.12972285246658996,ovarian
poly,0.25,,1.0,0.9354164686076449,0.05595009560189243,ovarian
poly,0.25,,2.0,0.9261233609385782,0.08930041905046107,ovarian
poly,0.25,,4.0,0.9352654556485825,0.07115923765037373,ovarian
poly,0.25,,8.0,0.9171233766233765,0.06574355907260164,ovarian
poly,0.5,,0.125,0.9519714690767322,0.04961535948573012,ovarian
poly,0.5,,0.25,0.9221060606060604,0.0772563396170132,ovarian
poly,0.5,,0.5,0.9466666666666665,0.04516635916254486,ovarian
poly,0.5,,1.0,0.9514304323127852,0.03409488188594503,ovarian
poly,0.5,,2.0,0.934599784485368,0.08576175096816312,ovarian
poly,0.5,,4.0,0.8949387185704323,0.12219032264264637,ovarian
poly,0.5,,8.0,0.9033603896103897,0.09632066993111647,ovarian
poly,1.0,,0.125,0.9481797007340486,0.05157689792417082,ovarian
poly,1.0,,0.25,0.8856015496296827,0.09850309510164207,ovarian
poly,1.0,,0.5,0.9414603174603174,0.06612267853603668,ovarian
poly,1.0,,1.0,0.9501136977917165,0.047616633751655625,ovarian
poly,1.0,,2.0,0.9545810783419479,0.050158487892998774,ovarian
poly,1.0,,4.0,0.8538974358974359,0.15005876171444635,ovarian
poly,1.0,,8.0,0.866671759612936,0.1341058873811436,ovarian
poly,2.0,,0.125,0.8935248640248641,0.14094352388256554,ovarian
poly,2.0,,0.25,0.9575576923076923,0.05747600798666206,ovarian
poly,2.0,,0.5,0.9316093717495318,0.05384599805961296,ovarian
poly,2.0,,1.0,0.950774044795784,0.07437306973004518,ovarian
poly,2.0,,2.0,0.9011300397005068,0.11931104016751908,ovarian
poly,2.0,,4.0,0.90013872742773,0.08791676893000258,ovarian
poly,2.0,,8.0,0.8624209799861975,0.07550483247515041,ovarian
poly,4.0,,0.125,0.9189900087834871,0.08179817145588457,ovarian
poly,4.0,,0.25,0.9579084967320262,0.05934226613074557,ovarian
poly,4.0,,0.5,0.9688765403394559,0.02760497099981248,ovarian
poly,4.0,,1.0,0.943997493734336,0.05208462550977351,ovarian
poly,4.0,,2.0,0.9121885005209813,0.1125181856298447,ovarian
poly,4.0,,4.0,0.9199497071555894,0.0774039259438727,ovarian
poly,4.0,,8.0,0.8488974755470919,0.1492657298523701,ovarian
cauchy,0.25,,0.125,0.9436723759332455,0.05700521506894984,ovarian
cauchy,0.25,,0.25,0.8855790513833993,0.06751396953217861,ovarian
cauchy,0.25,,0.5,0.8773530583548755,0.1033585149541515,ovarian
cauchy,0.25,,1.0,0.9074135237827189,0.06906227101605254,ovarian
cauchy,0.25,,2.0,0.9056423478482303,0.06492113148905719,ovarian
cauchy,0.25,,4.0,0.7887821759797463,0.16802154884444936,ovarian
cauchy,0.25,,8.0,0.7527395167761299,0.1566319993291326,ovarian
cauchy,0.5,,0.125,0.9122519002736394,0.05639862347330338,ovarian
cauchy,0.5,,0.25,0.9044636625993471,0.09306239052143953,ovarian
cauchy,0.5,,0.5,0.881487202855624,0.11568839684743133,ovarian
cauchy,0.5,,1.0,0.9336680063329681,0.05578980543984125,ovarian
cauchy,0.5,,2.0,0.8575455412731628,0.1592084519127529,ovarian
cauchy,0.5,,4.0,0.8755701754385964,0.12303642402869518,ovarian
cauchy,0.5,,8.0,0.9228343483858189,0.07587874872629778,ovarian
cauchy,1.0,,0.125,0.9427340863881785,0.0647467480061682,ovarian
cauchy,1.0,,0.25,0.9106029236464019,0.06050508849439128,ovarian
cauchy,1.0,,0.5,0.9448119630627371,0.05637721885392838,ovarian
cauchy,1.0,,1.0,0.882725916453538,0.0862786425077282,ovarian
cauchy,1.0,,2.0,0.9089394363806129,0.058356581087328566,ovarian
cauchy,1.0,,4.0,0.8566263475087004,0.1747855074203776,ovarian
cauchy,1.0,,8.0,0.9263903743315508,0.0886769089640567,ovarian
cauchy,2.0,,0.125,0.9510252904989747,0.06481092109044073,ovarian
cauchy,2.0,,0.25,0.9433968253968252,0.046916790013652745,ovarian
cauchy,2.0,,0.5,0.8907467532467533,0.06864852009810786,ovarian
cauchy,2.0,,1.0,0.832649674886517,0.1033453227278531,ovarian
cauchy,2.0,,2.0,0.9028657616892911,0.13839210330619062,ovarian
cauchy,2.0,,4.0,0.8593115218115217,0.12736721139066862,ovarian
cauchy,2.0,,8.0,0.88887987012987,0.09107670222247494,ovarian
cauchy,4.0,,0.125,0.9184596384008149,0.07299359295796934,ovarian
cauchy,4.0,,0.25,0.924138041909781,0.06584374856784388,ovarian
cauchy,4.0,,0.5,0.9246657046657047,0.11959306744500227,ovarian
cauchy,4.0,,1.0,0.8682221188870806,0.1659034204664436,ovarian
cauchy,4.0,,2.0,0.8492786732531314,0.10453755587632638,ovarian
cauchy,4.0,,4.0,0.8339352863675114,0.0843684961290769,ovarian
cauchy,4.0,,8.0,0.871607327141383,0.12178148650892522,ovarian
laplacian,0.25,,0.125,0.9428045157456921,0.048152616619973755,ovarian
laplacian,0.25,,0.25,0.8999088319088319,0.08215340747974356,ovarian
laplacian,0.25,,0.5,0.8931697425381635,0.09770218353892274,ovarian
laplacian,0.25,,1.0,0.774814269064269,0.1742889520514659,ovarian
laplacian,0.25,,2.0,0.7311677559912854,0.2546490632192948,ovarian
laplacian,0.25,,4.0,0.839251552795031,0.15695336354839284,ovarian
laplacian,0.25,,8.0,0.7819188311688312,0.14988819725128574,ovarian
laplacian,0.5,,0.125,0.9492076719576721,0.05629187051527966,ovarian
laplacian,0.5,,0.25,0.8501815408085431,0.13964848682043993,ovarian
laplacian,0.5,,0.5,0.9127394559631401,0.07430459457966815,ovarian
laplacian,0.5,,1.0,0.780289294039294,0.15777603482050184,ovarian
laplacian,0.5,,2.0,0.7131750737185519,0.2817848432445552,ovarian
laplacian,0.5,,4.0,0.8079057101309421,0.1723006416972586,ovarian
laplacian,0.5,,8.0,0.7558177010038465,0.1290776558398057,ovarian
laplacian,1.0,,0.125,0.9231661856661857,0.09151953145270988,ovarian
laplacian,1.0,,0.25,0.9047991469314998,0.09272563078217441,ovarian
laplacian,1.0,,0.5,0.8353529411764706,0.1477041655685218,ovarian
laplacian,1.0,,1.0,0.8558441558441559,0.10436083831113448,ovarian
laplacian,1.0,,2.0,0.7684223602484472,0.28106633426446853,ovarian
laplacian,1.0,,4.0,0.7918104083738757,0.17585179772960705,ovarian
laplacian,1.0,,8.0,0.7462024639658911,0.12247827742858791,ovarian
laplacian,2.0,,0.125,0.9617201426024955,0.047603283174980054,ovarian
laplacian,2.0,,0.25,0.9366363829407307,0.06876460217970835,ovarian
laplacian,2.0,,0.5,0.8773461335481796,0.13873425840686876,ovarian
laplacian,2.0,,1.0,0.9035381583463427,0.0775939906431146,ovarian
laplacian,2.0,,2.0,0.840233893557423,0.11274990609087474,ovarian
laplacian,2.0,,4.0,0.8133506528469512,0.1640704552605555,ovarian
laplacian,2.0,,8.0,0.6018837000632666,0.24448465292521207,ovarian
laplacian,4.0,,0.125,0.9198412698412698,0.059805681809670684,ovarian
laplacian,4.0,,0.25,0.8397786157197921,0.1589483958492476,ovarian
laplacian,4.0,,0.5,0.8261929117581293,0.1492461666970675,ovarian
laplacian,4.0,,1.0,0.8307190852625637,0.10521374299813262,ovarian
laplacian,4.0,,2.0,0.8787059257167952,0.11517910681199475,ovarian
laplacian,4.0,,4.0,0.7934170117322291,0.126557701032614,ovarian
laplacian,4.0,,8.0,0.7708396164509874,0.13661121045848532,ovarian
wavelet,0.25,0.125,,0.5,0.0,pbc
wavelet,0.25,0.25,,0.4988818170578653,0.004605460895364649,pbc
wavelet,0.25,0.5,,0.4879436537716728,0.0272423702092372,pbc
wavelet,0.25,1.0,,0.4565175850447624,0.040058790473018656,pbc
wavelet,0.25,2.0,,0.49872780595344446,0.044350288903533625,pbc
wavelet,0.25,4.0,,0.6726683627742698,0.06671226181310276,pbc
wavelet,0.25,8.0,,0.8357088224366264,0.027714475948733594,pbc
wavelet,0.5,0.125,,0.5,0.0,pbc
wavelet,0.5,0.25,,0.502656448342971,0.004329458759414592,pbc
wavelet,0.5,0.5,,0.49997042046856244,0.03921575372213831,pbc
wavelet,0.5,1.0,,0.4547932928992073,0.04022591460626426,pbc
wavelet,0.5,2.0,,0.4968741588568604,0.0431308489395947,pbc
wavelet,0.5,4.0,,0.6780739827995851,0.057185731502360004,pbc
wavelet,0.5,8.0,,0.8337350283228323,0.03727587368449135,pbc
wavelet,1.0,0.125,,0.5,0.0,pbc
wavelet,1.0,0.25,,0.5005367592943843,0.0036323524118812437,pbc
wavelet,1.0,0.5,,0.501082394692632,0.030665413172764028,pbc
wavelet,1.0,1.0,,0.43542420937927784,0.04967984253052199,pbc
wavelet,1.0,2.0,,0.47385063796628135,0.04699667320772665,pbc
wavelet,1.0,4.0,,0.6911235031511314,0.054862359107078526,pbc
wavelet,1.0,8.0,,0.8641281527905862,0.029029214567483166,pbc
wavelet,2.0,0.125,,0.5,0.0,pbc
wavelet,2.0,0.25,,0.5035264696928559,0.012160652997112865,pbc
wavelet,2.0,0.5,,0.5000548415387506,0.03672831550244826,pbc
wavelet,2.0,1.0,,0.4316824460536964,0.04747284383849711,pbc
wavelet,2.0,2.0,,0.5016239741431701,0.04004182000853959,pbc
wavelet,2.0,4.0,,0.6473201362728591,0.05086452573600896,pbc
wavelet,2.0,8.0,,0.8215868821702104,0.040050140650675206,pbc
wavelet,4.0,0.125,,0.5,0.0,pbc
wavelet,4.0,0.25,,0.49866873334892176,0.00913311594641996,pbc
wavelet,4.0,0.5,,0.48525047300114393,0.030667399275980837,pbc
wavelet,4.0,1.0,,0.42788413058276953,0.05093844711349986,pbc
wavelet,4.0,2.0,,0.47569541760896794,0.04221851790513947,pbc
wavelet,4.0,4.0,,0.6736236170824452,0.051680746359493365,pbc
wavelet,4.0,8.0,,0.823341498663404,0.03252457454442408,pbc
linear,0.25,,0.125,0.846168169431307,0.02041346891137744,pbc
linear,0.25,,0.25,0.8508521456938258,0.031246522731365068,pbc
linear,0.25,,0.5,0.8440317512394468,0.029817756882537554,pbc
linear,0.25,,1.0,0.8479852780586109,0.025985707387208686,pbc
linear,0.25,,2.0,0.8396373509087118,0.015905766958538622,pbc
linear,0.25,,4.0,0.8485689566577997,0.02453868211053912,pbc
linear,0.25,,8.0,0.8463969295114229,0.044733827236339084,pbc
linear,0.5,,0.125,0.8357000657405687,0.028532783525332988,pbc
linear,0.5,,0.25,0.8301149420044908,0.019126342773073478,pbc
linear,0.5,,0.5,0.8189261590044797,0.03931988921518226,pbc
linear,0.5,,1.0,0.8472792117547578,0.027165482426109003,pbc
linear,0.5,,2.0,0.8265879245025088,0.038108028633431275,pbc
linear,0.5,,4.0,0.8325210338205379,0.035064756121639076,pbc
linear,0.5,,8.0,0.8384767941572406,0.03813732802651868,pbc
linear,1.0,,0.125,0.8474729259308791,0.04147051166359236,pbc
linear,1.0,,0.25,0.8147423185005584,0.03591966145624561,pbc
linear,1.0,,0.5,0.8287162807548023,0.025710071639438985,pbc
linear,1.0,,1.0,0.842828406488939,0.03981176568723008,pbc
linear,1.0,,2.0,0.838232636368914,0.025561623507176882,pbc
linear,1.0,,4.0,0.8298575305315874,0.03492180505850478,pbc
linear,1.0,,8.0,0.8351525353473533,0.033417816048285885,pbc
linear,2.0,,0.125,0.8351872132594439,0.025151287959532326,pbc
linear,2.0,,0.25,0.8282577373013925,0.02857951653432616,pbc
linear,2.0,,0.5,0.8132800310464521,0.03571633134234165,pbc
linear,2.0,,1.0,0.8233663456884066,0.025609188667259954,pbc
linear,2.0,,2.0,0.8383199433762591,0.03232734891441416,pbc
linear,2.0,,4.0,0.7976771603775541,0.037579862935834964,pbc
linear,2.0,,8.0,0.8278772124707243,0.0383105614549045,pbc
linear,4.0,,0.125,0.8417174387869253,0.031149889812114008,pbc
linear,4.0,,0.25,0.8149044366977677,0.03025500298763923,pbc
linear,4.0,,0.5,0.8269880157098302,0.04397835870436088,pbc
linear,4.0,,1.0,0.842057906285611,0.036924219107994316,pbc
linear,4.0,,2.0,0.8202704823355168,0.029509985719218215,pbc
linear,4.0,,4.0,0.8351112988261933,0.023917775357928852,pbc
linear,4.0,,8.0,0.8295315797673766,0.048795192667899785,pbc
rbf,0.25,,0.125,0.7309247540117269,0.05365525115672309,pbc
rbf,0.25,,0.25,0.6534373615532645,0.08100949387774116,pbc
rbf,0.25,,0.5,0.524531767691802,0.06016242803389862,pbc
rbf,0.25,,1.0,0.4930987666061135,0.04770651759419085,pbc
rbf,0.25,,2.0,0.49258161906810116,0.06643823703186424,pbc
rbf,0.25,,4.0,0.4767746847721209,0.026653974843443538,pbc
rbf,0.25,,8.0,0.49293457781176253,0.015553671112192184,pbc
rbf,0.5,,0.125,0.7558440727656526,0.04516218291016532,pbc
rbf,0.5,,0.25,0.654626249889835,0.06252728886545686,pbc
rbf,0.5,,0.5,0.572773701999312,0.04524903068720052,pbc
rbf,0.5,,1.0,0.5132738758922295,0.050405872954858516,pbc
rbf,0.5,,2.0,0.49106003264216425,0.037009377438149874,pbc
rbf,0.5,,4.0,0.47630815967074697,0.0302523820526145,pbc
rbf,0.5,,8.0,0.4763134803251491,0.017043341663744934,pbc
rbf,1.0,,0.125,0.7486137047589043,0.03979788399961268,pbc
rbf,1.0,,0.25,0.6393934390857954,0.06039905381577807,pbc
rbf,1.0,,0.5,0.5573922276731057,0.05105263889180317,pbc
rbf,1.0,,1.0,0.5160028691975633,0.05498995699137943,pbc
rbf,1.0,,2.0,0.48661785644574856,0.04685256134174212,pbc
rbf,1.0,,4.0,0.47386066176080777,0.04447373641289378,pbc
rbf,1.0,,8.0,0.488795784911294,0.020638076820688318,pbc
rbf,2.0,,0.125,0.7425896492794124,0.04205473815159494,pbc
rbf,2.0,,0.25,0.6707031544666169,0.06954886783766974,pbc
rbf,2.0,,0.5,0.5942045227126262,0.05042512359716242,pbc
rbf,2.0,,1.0,0.5215551305807157,0.06961722291561721,pbc
rbf,2.0,,2.0,0.51112933259648,0.03683589998361449,pbc
rbf,2.0,,4.0,0.4702137444568598,0.04131096330680857,pbc
rbf,2.0,,8.0,0.4820014011886681,0.013192052956612361,pbc
rbf,4.0,,0.125,0.7149200530169161,0.057670670295051775,pbc
rbf,4.0,,0.25,0.6617800415841947,0.05601674002461276,pbc
rbf,4.0,,0.5,0.5529273549830634,0.06683162507770347,pbc
rbf,4.0,,1.0,0.5039656660691536,0.05323198882982681,pbc
rbf,4.0,,2.0,0.4660434096794245,0.04045770216800134,pbc
rbf,4.0,,4.0,0.4742549091654797,0.03383462399361314,pbc
rbf,4.0,,8.0,0.4797873846098525,0.011970570186431077,pbc
exponential,0.25,,0.125,0.8904139070206604,0.02700133154099802,pbc
exponential,0.25,,0.25,0.8709719860692111,0.024446049329261813,pbc
exponential,0.25,,0.5,0.8032276621569814,0.05164035267438521,pbc
exponential,0.25,,1.0,0.66723143958811,0.07510562207389594,pbc
exponential,0.25,,2.0,0.53268158539743,0.05788081750055071,pbc
exponential,0.25,,4.0,0.5199538730906756,0.06340991587464649,pbc
exponential,0.25,,8.0,0.48567366240861115,0.02254689615909927,pbc
exponential,0.5,,0.125,0.8879435648918925,0.02062182741481656,pbc
exponential,0.5,,0.25,0.8889391442612279,0.02190269942167892,pbc
exponential,0.5,,0.5,0.8279204666288746,0.016394689003985986,pbc
exponential,0.5,,1.0,0.6657945732012132,0.05473531735373856,pbc
exponential,0.5,,2.0,0.49484748606872014,0.06419387150771613,pbc
exponential,0.5,,4.0,0.4805439876171331,0.03845365191687387,pbc
exponential,0.5,,8.0,0.4775484732317725,0.03178204388695115,pbc
exponential,1.0,,0.125,0.8988360157739732,0.02139948892387036,pbc
exponential,1.0,,0.25,0.8465152724723886,0.02194386487142655,pbc
exponential,1.0,,0.5,0.8073974362502533,0.050229530646716,pbc
exponential,1.0,,1.0,0.6218991245155004,0.05206267279082638,pbc
exponential,1.0,,2.0,0.5541592627569124,0.04840869589763216,pbc
exponential,1.0,,4.0,0.5454004237059248,0.05456992921341219,pbc
exponential,1.0,,8.0,0.48531535241480367,0.02353161774461438,pbc
exponential,2.0,,0.125,0.8879809711743529,0.026228056337782885,pbc
exponential,2.0,,0.25,0.8654671678032854,0.01542118305871271,pbc
exponential,2.0,,0.5,0.7996784603029681,0.03504097941230358,pbc
exponential,2.0,,1.0,0.6763854788631641,0.05691766522519383,pbc
exponential,2.0,,2.0,0.5627254969714808,0.06240348023136238,pbc
exponential,2.0,,4.0,0.5008436072275609,0.032713437473403724,pbc
exponential,2.0,,8.0,0.4756435077811692,0.03742791122967313,pbc
exponential,4.0,,0.125,0.8846092798334784,0.026001938048900896,pbc
exponential,4.0,,0.25,0.8651057738231488,0.028158625217744416,pbc
exponential,4.0,,0.5,0.7947697141515492,0.047950863241762384,pbc
exponential,4.0,,1.0,0.6785008225951459,0.1000860539992158,pbc
exponential,4.0,,2.0,0.56700635842834,0.04063959946257865,pbc
exponential,4.0,,4.0,0.5082813189222417,0.040658795848588086,pbc
exponential,4.0,,8.0,0.45187047707167827,0.03718899738308498,pbc
poly,0.25,,0.125,0.8682148657281212,0.024785096839239382,pbc
poly,0.25,,0.25,0.8665115990386598,0.03653206587779539,pbc
poly,0.25,,0.5,0.8755476700287652,0.02781062138326383,pbc
poly,0.25,,1.0,0.8879877224865735,0.01724462187899978,pbc
poly,0.25,,2.0,0.870998688182867,0.024755570743590288,pbc
poly,0.25,,4.0,0.8426061026405872,0.045823649094681236,pbc
poly,0.25,,8.0,0.8169838782962454,0.04184388271397099,pbc
poly,0.5,,0.125,0.878368551344322,0.013747350853320192,pbc
poly,0.5,,0.25,0.8757031134617789,0.024743205360946187,pbc
poly,0.5,,0.5,0.8702868334854047,0.024662089693921894,pbc
poly,0.5,,1.0,0.8875184050096951,0.023118268682896993,pbc
poly,0.5,,2.0,0.8470951216437849,0.027740588115725794,pbc
poly,0.5,,4.0,0.8378290188597729,0.02555044778466912,pbc
poly,0.5,,8.0,0.8650537409139216,0.02124947865445509,pbc
poly,1.0,,0.125,0.8633463706064305,0.01863620898229651,pbc
poly,1.0,,0.25,0.8944307703492586,0.03052770073907023,pbc
poly,1.0,,0.5,0.8667048814863859,0.024084301985987572,pbc
poly,1.0,,1.0,0.8832624493343101,0.021927826521277144,pbc
poly,1.0,,2.0,0.8799948449311529,0.017144135758714655,pbc
poly,1.0,,4.0,0.8511755466814105,0.041030647713917866,pbc
poly,1.0,,8.0,0.84952488062856,0.028734836612432604,pbc
poly,2.0,,0.125,0.8748524127257724,0.02277206365980451,pbc
poly,2.0,,0.25,0.8958700526215233,0.015252904070193323,pbc
poly,2.0,,0.5,0.88849341790713,0.018853913659632474,pbc
poly,2.0,,1.0,0.878220098955258,0.029132246236366992,pbc
poly,2.0,,2.0,0.8615452876724605,0.03077452556310016,pbc
poly,2.0,,4.0,0.8587639500484471,0.022088076690638638,pbc
poly,2.0,,8.0,0.8413342248101241,0.023996056501675682,pbc
poly,4.0,,0.125,0.8791202688990113,0.025751214202128187,pbc
poly,4.0,,0.25,0.8783769379949529,0.018108753978738654,pbc
poly,4.0,,0.5,0.8702233977720016,0.024320275136637665,pbc
poly,4.0,,1.0,0.8799342468169948,0.03273704794439963,pbc
poly,4.0,,2.0,0.8696001785077735,0.025316193664358933,pbc
poly,4.0,,4.0,0.8457667658153099,0.03649060962024205,pbc
poly,4.0,,8.0,0.8419353241266878,0.03226267106001136,pbc
cauchy,0.25,,0.125,0.8486633359472664,0.029273642922707132,pbc
cauchy,0.25,,0.25,0.8270513128639994,0.028818757844841978,pbc
cauchy,0.25,,0.5,0.8270670998041204,0.02315221873716777,pbc
cauchy,0.25,,1.0,0.7739221281513429,0.026422257390625533,pbc
cauchy,0.25,,2.0,0.7789774318391003,0.05309319062069452,pbc
cauchy,0.25,,4.0,0.7183247319194764,0.06164662185825084,pbc
cauchy,0.25,,8.0,0.6682187137949741,0.04713829628799817,pbc
cauchy,0.5,,0.125,0.8618499097446005,0.027445822417782328,pbc
cauchy,0.5,,0.25,0.8497870230395848,0.03312890270481635,pbc
cauchy,0.5,,0.5,0.8160763147794976,0.03351008284874789,pbc
cauchy,0.5,,1.0,0.7925383608129499,0.03834454086467056,pbc
cauchy,0.5,,2.0,0.7457370799606898,0.06582588948149025,pbc
cauchy,0.5,,4.0,0.7128667030417701,0.033700636093153255,pbc
cauchy,0.5,,8.0,0.7033463026417106,0.07307124014837282,pbc
cauchy,1.0,,0.125,0.8667728613990426,0.01603781517191209,pbc
cauchy,1.0,,0.25,0.8527013193989748,0.033432089382606674,pbc
cauchy,1.0,,0.5,0.8180358164947309,0.05421868455272978,pbc
cauchy,1.0,,1.0,0.7838325073881435,0.0201437023346476,pbc
cauchy,1.0,,2.0,0.7725131855699273,0.04605195615103141,pbc
cauchy,1.0,,4.0,0.7313788611343552,0.051989675674218534,pbc
cauchy,1.0,,8.0,0.701701622121159,0.06154343028488725,pbc
cauchy,2.0,,0.125,0.8475432400231098,0.033659491139638634,pbc
cauchy,2.0,,0.25,0.8439827902299797,0.03453751891604609,pbc
cauchy,2.0,,0.5,0.8152994515252378,0.04468415122808975,pbc
cauchy,2.0,,1.0,0.7931387878640338,0.04727604950034601,pbc
cauchy,2.0,,2.0,0.7671307612495225,0.052690609928179984,pbc
cauchy,2.0,,4.0,0.7389520346423476,0.03608217519512465,pbc
cauchy,2.0,,8.0,0.6807524465402787,0.05311864015337165,pbc
cauchy,4.0,,0.125,0.8668419906766583,0.0315214054251363,pbc
cauchy,4.0,,0.25,0.873090407684435,0.027359795352550394,pbc
cauchy,4.0,,0.5,0.8136778424544543,0.03464304457670063,pbc
cauchy,4.0,,1.0,0.791194416596659,0.03948637799643221,pbc
cauchy,4.0,,2.0,0.7696154538335791,0.06368071389535229,pbc
cauchy,4.0,,4.0,0.7492630887866989,0.06447412773661333,pbc
cauchy,4.0,,8.0,0.647819928224246,0.08333309706390797,pbc
laplacian,0.25,,0.125,0.8369641252376272,0.028000992957060364,pbc
laplacian,0.25,,0.25,0.7526350530173316,0.040122899564957806,pbc
laplacian,0.25,,0.5,0.6476126744888278,0.050982148293996964,pbc
laplacian,0.25,,1.0,0.5148124262002927,0.04908119132232356,pbc
laplacian,0.25,,2.0,0.4940925166177205,0.04977316626108692,pbc
laplacian,0.25,,4.0,0.474892582772776,0.015941334483474037,pbc
laplacian,0.25,,8.0,0.5,0.0,pbc
laplacian,0.5,,0.125,0.840567678732467,0.0118138660300987,pbc
laplacian,0.5,,0.25,0.769446622494392,0.04133105861429132,pbc
laplacian,0.5,,0.5,0.6300162106260271,0.049046918826540324,pbc
laplacian,0.5,,1.0,0.530159839953021,0.06959894237369288,pbc
laplacian,0.5,,2.0,0.5065200462160255,0.0529530798669902,pbc
laplacian,0.5,,4.0,0.47291530014997435,0.020683004459498396,pbc
laplacian,0.5,,8.0,0.5,0.0,pbc
laplacian,1.0,,0.125,0.8331713867834905,0.04402387101421423,pbc
laplacian,1.0,,0.25,0.7722860936668525,0.04575474281212086,pbc
laplacian,1.0,,0.5,0.6429091857326311,0.04868213487118675,pbc
laplacian,1.0,,1.0,0.5415269766844593,0.04768003387025943,pbc
laplacian,1.0,,2.0,0.5169786506808749,0.060317577223232624,pbc
laplacian,1.0,,4.0,0.479910232051588,0.028851009946418853,pbc
laplacian,1.0,,8.0,0.5,0.0,pbc
laplacian,2.0,,0.125,0.8424288432910417,0.022717149493828942,pbc
laplacian,2.0,,0.25,0.7573678148762697,0.03298106856809296,pbc
laplacian,2.0,,0.5,0.6478358239824392,0.04409593439229514,pbc
laplacian,2.0,,1.0,0.5474648952996197,0.046282292306758205,pbc
laplacian,2.0,,2.0,0.5035128908222177,0.05395330540801704,pbc
laplacian,2.0,,4.0,0.4719192617718984,0.02364931696093698,pbc
laplacian,2.0,,8.0,0.5,0.0,pbc
laplacian,4.0,,0.125,0.845122028411011,0.029957099493352273,pbc
laplacian,4.0,,0.25,0.7665037112878424,0.06878372876258046,pbc
laplacian,4.0,,0.5,0.5880866752585661,0.05772939162708525,pbc
laplacian,4.0,,1.0,0.5368527356497641,0.0512208767227741,pbc
laplacian,4.0,,2.0,0.4925534369512202,0.060738623807995225,pbc
laplacian,4.0,,4.0,0.4896616572971292,0.029781306865082718,pbc
laplacian,4.0,,8.0,0.5,0.0,pbc
wavelet,0.25,0.125,,0.6216466867706006,0.01669465199946711,rats2
wavelet,0.25,0.25,,0.6830875103272551,0.019448881002000432,rats2
wavelet,0.25,0.5,,0.7184751338930473,0.03483531803045208,rats2
wavelet,0.25,1.0,,0.7436730831971013,0.025896429493653405,rats2
wavelet,0.25,2.0,,0.7537753986782816,0.02079044647563298,rats2
wavelet,0.25,4.0,,0.8851128348196827,0.018877415597115053,rats2
wavelet,0.25,8.0,,0.9465561888141438,0.007043449424198655,rats2
wavelet,0.5,0.125,,0.5913013193979642,0.024452586418037856,rats2
wavelet,0.5,0.25,,0.6781882562882322,0.0208139637123355,rats2
wavelet,0.5,0.5,,0.7048849145423338,0.027022292525147616,rats2
wavelet,0.5,1.0,,0.7517790345012005,0.025199277578652025,rats2
wavelet,0.5,2.0,,0.7663710461101906,0.023699458891511677,rats2
wavelet,0.5,4.0,,0.8866516484991726,0.021909445848601907,rats2
wavelet,0.5,8.0,,0.9474403100741619,0.011320649696880026,rats2
wavelet,1.0,0.125,,0.6016445895914064,0.03356621586832591,rats2
wavelet,1.0,0.25,,0.6741894684464964,0.02585822273535011,rats2
wavelet,1.0,0.5,,0.7141423183734715,0.015147517405329106,rats2
wavelet,1.0,1.0,,0.7505622809754391,0.038253171114771715,rats2
wavelet,1.0,2.0,,0.7828371292823586,0.019579635773428968,rats2
wavelet,1.0,4.0,,0.8993186138897714,0.02501409495818007,rats2
wavelet,1.0,8.0,,0.9516550376404043,0.005964551555661262,rats2
wavelet,2.0,0.125,,0.6138964916989674,0.027331518225072654,rats2
wavelet,2.0,0.25,,0.6874139248172475,0.02940562067944182,rats2
wavelet,2.0,0.5,,0.7012985153711017,0.017588222430378116,rats2
wavelet,2.0,1.0,,0.7906358626394301,0.019321649091495828,rats2
wavelet,2.0,2.0,,0.8191360060832574,0.02348936290379928,rats2
wavelet,2.0,4.0,,0.9248606284324726,0.015873278884760495,rats2
wavelet,2.0,8.0,,0.9575337093592274,0.006514920421302095,rats2
wavelet,4.0,0.125,,0.6039346844323722,0.03269549698890761,rats2
wavelet,4.0,0.25,,0.6740682966369818,0.018163038053845112,rats2
wavelet,4.0,0.5,,0.7437083027219094,0.017662302224563206,rats2
wavelet,4.0,1.0,,0.8429145592674987,0.026243607306005442,rats2
wavelet,4.0,2.0,,0.9008919832318277,0.011939514725128188,rats2
wavelet,4.0,4.0,,0.9787303293036649,0.009960899348573752,rats2
wavelet,4.0,8.0,,0.968605665261632,0.008583536815069301,rats2
linear,0.25,,0.125,0.9566568917204611,0.008808564504292783,rats2
linear,0.25,,0.25,0.9608535167342934,0.00843221505521385,rats2
linear,0.25,,0.5,0.9581164034191764,0.008449510174863445,rats2
linear,0.25,,1.0,0.964983973181222,0.007754146235205751,rats2
linear,0.25,,2.0,0.9585116518016129,0.008720406298229616,rats2
linear,0.25,,4.0,0.9589219255784169,0.006792071575962855,rats2
linear,0.25,,8.0,0.960299350441279,0.010606472188804695,rats2
linear,0.5,,0.125,0.9858632246423651,0.005293052443102857,rats2
linear,0.5,,0.25,0.9832077816249971,0.00941399823027416,rats2
linear,0.5,,0.5,0.9852508214358048,0.006035042588873727,rats2
linear,0.5,,1.0,0.9876409901398324,0.004643393772027033,rats2
linear,0.5,,2.0,0.9856574911188799,0.0038688807048666164,rats2
linear,0.5,,4.0,0.986895327764584,0.006779545030494212,rats2
linear,0.5,,8.0,0.9905775556856149,0.003301120332081922,rats2
linear,1.0,,0.125,0.9942663003607984,0.004288525029383388,rats2
linear,1.0,,0.25,0.9942109170841462,0.004728178007600062,rats2
linear,1.0,,0.5,0.9936340699267948,0.00309176631293427,rats2
linear,1.0,,1.0,0.9967627542722326,0.0028339306551821686,rats2
linear,1.0,,2.0,0.9958807412711831,0.0034983492656412677,rats2
linear,1.0,,4.0,0.9931553870803688,0.005091790032718532,rats2
linear,1.0,,8.0,0.9930578180766412,0.0032161166235194195,rats2
linear,2.0,,0.125,0.9922397023377234,0.004696221754792939,rats2
linear,2.0,,0.25,0.9898182562502555,0.004586839167567922,rats2
linear,2.0,,0.5,0.9915407892389665,0.008611400030691455,rats2
linear,2.0,,1.0,0.9907688098563495,0.007078895142024487,rats2
linear,2.0,,2.0,0.9923186131198906,0.005269191297758698,rats2
linear,2.0,,4.0,0.9939159428071486,0.00401285299528186,rats2
linear,2.0,,8.0,0.9916986381973937,0.006247775778698132,rats2
linear,4.0,,0.125,0.9886345362067239,0.004198508834143574,rats2
linear,4.0,,0.25,0.9905617876262809,0.00418625457558588,rats2
linear,4.0,,0.5,0.9899952766282641,0.003375113231729013,rats2
linear,4.0,,1.0,0.9915755656031399,0.005352968792598427,rats2
linear,4.0,,2.0,0.9882257580103682,0.007468062486849004,rats2
linear,4.0,,4.0,0.9914026098878802,0.0034729223557199733,rats2
linear,4.0,,8.0,0.9917052917809338,0.004695021028534196,rats2
rbf,0.25,,0.125,0.8959658176781854,0.015313293418234107,rats2
rbf,0.25,,0.25,0.8260016562456398,0.03067657851056293,rats2
rbf,0.25,,0.5,0.7891848188260531,0.018070754319546176,rats2
rbf,0.25,,1.0,0.7721560823148376,0.018694593082335263,rats2
rbf,0.25,,2.0,0.7572237114746105,0.028846713860076912,rats2
rbf,0.25,,4.0,0.7339682105124018,0.015793172344350303,rats2
rbf,0.25,,8.0,0.7364293124931608,0.030972235870949143,rats2
rbf,0.5,,0.125,0.8916251019955401,0.01665275644351669,rats2
rbf,0.5,,0.25,0.8397205012988337,0.0417881402268684,rats2
rbf,0.5,,0.5,0.7889767289275984,0.023066702977566404,rats2
rbf,0.5,,1.0,0.7703484432420457,0.027503898087662057,rats2
rbf,0.5,,2.0,0.7562670997027026,0.040775500861141886,rats2
rbf,0.5,,4.0,0.7493868232987289,0.015237980773652753,rats2
rbf,0.5,,8.0,0.7393130817163274,0.04155750645291185,rats2
rbf,1.0,,0.125,0.9038200644175725,0.0132190986742952,rats2
rbf,1.0,,0.25,0.862475389221858,0.02023009964538488,rats2
rbf,1.0,,0.5,0.824937904615979,0.021285552702951935,rats2
rbf,1.0,,1.0,0.8072347291597373,0.030523550388609863,rats2
rbf,1.0,,2.0,0.7601756315910092,0.02426445213550409,rats2
rbf,1.0,,4.0,0.7726310745820794,0.02519531584142455,rats2
rbf,1.0,,8.0,0.7533627062626984,0.03883091246621112,rats2
rbf,2.0,,0.125,0.9349964595836431,0.01423235673489243,rats2
rbf,2.0,,0.25,0.9100742286843685,0.014896042916355955,rats2
rbf,2.0,,0.5,0.8829575754687161,0.015609607615208028,rats2
rbf,2.0,,1.0,0.8429667936007845,0.03366856670999124,rats2
rbf,2.0,,2.0,0.8132924519681545,0.02954249221978399,rats2
rbf,2.0,,4.0,0.7812791996098203,0.023404413503020725,rats2
rbf,2.0,,8.0,0.7528834180275629,0.02602760833575712,rats2
rbf,4.0,,0.125,0.9872124238657124,0.006720040458244595,rats2
rbf,4.0,,0.25,0.9668913323624304,0.007030816968884423,rats2
rbf,4.0,,0.5,0.916945841468668,0.02868466671642245,rats2
rbf,4.0,,1.0,0.8906010448472512,0.028055686140962877,rats2
rbf,4.0,,2.0,0.8661004326693418,0.025177650259559363,rats2
rbf,4.0,,4.0,0.8454970849661179,0.032205468604598504,rats2
rbf,4.0,,8.0,0.7963702990904074,0.029892911062225216,rats2
exponential,0.25,,0.125,0.9198649092583429,0.011443491348038088,rats2
exponential,0.25,,0.25,0.891189440453096,0.012825970714865631,rats2
exponential,0.25,,0.5,0.849647685661644,0.023554182780706326,rats2
exponential,0.25,,1.0,0.7856547034902643,0.019499166270120404,rats2
exponential,0.25,,2.0,0.7602325155409678,0.01930717614939928,rats2
exponential,0.25,,4.0,0.7536172139436396,0.03850364637923316,rats2
exponential,0.25,,8.0,0.7466009211752211,0.03124651703820835,rats2
exponential,0.5,,0.125,0.923421756870955,0.010730661623872208,rats2
exponential,0.5,,0.25,0.9016821101938113,0.013622854617198787,rats2
exponential,0.5,,0.5,0.8458061580502862,0.021457472013300102,rats2
exponential,0.5,,1.0,0.8074213546116311,0.022614930414149654,rats2
exponential,0.5,,2.0,0.7651991329789907,0.0347052678122512,rats2
exponential,0.5,,4.0,0.7395640703742579,0.02500480847710325,rats2
exponential,0.5,,8.0,0.7569883456105535,0.04473128407843652,rats2
exponential,1.0,,0.125,0.9313254077059188,0.010039244718198235,rats2
exponential,1.0,,0.25,0.8965515793627177,0.02070191479678264,rats2
exponential,1.0,,0.5,0.8597308973226891,0.016187546850823246,rats2
exponential,1.0,,1.0,0.8280332033034121,0.028311856379419104,rats2
exponential,1.0,,2.0,0.7548596534371145,0.0320018085107358,rats2
exponential,1.0,,4.0,0.7677147278359557,0.04371471972659666,rats2
exponential,1.0,,8.0,0.7461045346314916,0.0334721299860896,rats2
exponential,2.0,,0.125,0.9364049171615196,0.011718329851366694,rats2
exponential,2.0,,0.25,0.9202967045896745,0.00925972392351668,rats2
exponential,2.0,,0.5,0.8974372325034448,0.016785029943375124,rats2
exponential,2.0,,1.0,0.8565955380839156,0.015749758382410155,rats2
exponential,2.0,,2.0,0.7949787592940226,0.0377232341851861,rats2
exponential,2.0,,4.0,0.7547800253259248,0.031205028139386495,rats2
exponential,2.0,,8.0,0.7541737771300453,0.04237239610705942,rats2
exponential,4.0,,0.125,0.9619829248544182,0.00811203332460488,rats2
exponential,4.0,,0.25,0.9721941627298303,0.007102477552597124,rats2
exponential,4.0,,0.5,0.9570655257432078,0.009872720164582786,rats2
exponential,4.0,,1.0,0.9129666962545352,0.013788307777544,rats2
exponential,4.0,,2.0,0.8483439797732923,0.02314161667478347,rats2
exponential,4.0,,4.0,0.7793738206013204,0.031072377819687757,rats2
exponential,4.0,,8.0,0.7467078152731206,0.041825231613022575,rats2
poly,0.25,,0.125,0.9288605610338486,0.00995954128325523,rats2
poly,0.25,,0.25,0.9376589310009249,0.013603195696327832,rats2
poly,0.25,,0.5,0.9629937025519929,0.006036190122412071,rats2
poly,0.25,,1.0,0.9793830398652308,0.010209780277881,rats2
poly,0.25,,2.0,0.9936515011093278,0.0046005849843213115,rats2
poly,0.25,,4.0,0.9951568495086217,0.003437927711072359,rats2
poly,0.25,,8.0,0.9953453305092763,0.0020844365234725846,rats2
poly,0.5,,0.125,0.9430634000983155,0.01076838995119809,rats2
poly,0.5,,0.25,0.9649674577964612,0.010592875956364841,rats2
poly,0.5,,0.5,0.9654454466450145,0.018967101332405364,rats2
poly,0.5,,1.0,0.9920903049814351,0.005192405207134244,rats2
poly,0.5,,2.0,0.9959785479723398,0.0026699144133954258,rats2
poly,0.5,,4.0,0.9968969486255339,0.0027097625926569328,rats2
poly,0.5,,8.0,0.9956778231844734,0.0021450612266842414,rats2
poly,1.0,,0.125,0.9789845420266751,0.006834358355259939,rats2
poly,1.0,,0.25,0.9920050448674941,0.004322772059407647,rats2
poly,1.0,,0.5,0.9917939594477454,0.004568114840108386,rats2
poly,1.0,,1.0,0.9946778964416199,0.0018693820289814745,rats2
poly,1.0,,2.0,0.9987240491647235,0.0016551511530261886,rats2
poly,1.0,,4.0,1.0,0.0,rats2
poly,1.0,,8.0,1.0,0.0,rats2
poly,2.0,,0.125,0.9961211844935651,0.0020659893538865458,rats2
poly,2.0,,0.25,0.994888385227998,0.0037592906010754656,rats2
poly,2.0,,0.5,0.9963238422996555,0.003303760782903854,rats2
poly,2.0,,1.0,0.9974834231766389,0.0016838168293909536,rats2
poly,2.0,,2.0,0.9991681450809974,0.0016643688842650675,rats2
poly,2.0,,4.0,1.0,0.0,rats2
poly,2.0,,8.0,1.0,0.0,rats2
poly,4.0,,0.125,0.9972541619197386,0.0032471316602335604,rats2
poly,4.0,,0.25,0.9959794619152795,0.0023882012315071667,rats2
poly,4.0,,0.5,0.9980398231785674,0.0016945173932925548,rats2
poly,4.0,,1.0,0.9993064066936947,0.0012987267523870312,rats2
poly,4.0,,2.0,1.0,0.0,rats2
poly,4.0,,4.0,1.0,0.0,rats2
poly,4.0,,8.0,1.0,0.0,rats2
cauchy,0.25,,0.125,0.8973482916052793,0.010960586779534778,rats2
cauchy,0.25,,0.25,0.8619296219552653,0.01877445767561559,rats2
cauchy,0.25,,0.5,0.8300630208576074,0.014979650862704676,rats2
cauchy,0.25,,1.0,0.7986723155266438,0.024049605855460163,rats2
cauchy,0.25,,2.0,0.7827498379822939,0.030841223511635107,rats2
cauchy,0.25,,4.0,0.7738947380792321,0.021740509797968294,rats2
cauchy,0.25,,8.0,0.7699813165675643,0.032170878471760096,rats2
cauchy,0.5,,0.125,0.90422075755949,0.012204032509082294,rats2
cauchy,0.5,,0.25,0.8653034518958554,0.021813187101805565,rats2
cauchy,0.5,,0.5,0.8328809964530327,0.02240150264360175,rats2
cauchy,0.5,,1.0,0.8071311402918757,0.033050427541657906,rats2
cauchy,0.5,,2.0,0.7782591042075013,0.026290591854809378,rats2
cauchy,0.5,,4.0,0.7592165406402873,0.0297677523595047,rats2
cauchy,0.5,,8.0,0.7483207435961278,0.04018313965619563,rats2
cauchy,1.0,,0.125,0.9161609207156511,0.010273241413650547,rats2
cauchy,1.0,,0.25,0.8729899396332309,0.020829844419645395,rats2
cauchy,1.0,,0.5,0.8571810351302158,0.0137672642443383,rats2
cauchy,1.0,,1.0,0.8280323167736118,0.02398703541904332,rats2
cauchy,1.0,,2.0,0.809232796453639,0.017062387234405767,rats2
cauchy,1.0,,4.0,0.7913201219291773,0.03948576799899786,rats2
cauchy,1.0,,8.0,0.78867467116732,0.035356668564797314,rats2
cauchy,2.0,,0.125,0.9332700721644176,0.009792936703446642,rats2
cauchy,2.0,,0.25,0.9252738110794111,0.010269945634936476,rats2
cauchy,2.0,,0.5,0.8903191585545445,0.011059591097589264,rats2
cauchy,2.0,,1.0,0.8833329121521059,0.016301681928777446,rats2
cauchy,2.0,,2.0,0.85838117812115,0.031941711048870676,rats2
cauchy,2.0,,4.0,0.8059512589546047,0.019883493208716903,rats2
cauchy,2.0,,8.0,0.7916758266282384,0.033812012170492935,rats2
cauchy,4.0,,0.125,0.9809077353714402,0.01125546599364442,rats2
cauchy,4.0,,0.25,0.9805769382538907,0.005674061854485165,rats2
cauchy,4.0,,0.5,0.9615874545225097,0.016227986880600107,rats2
cauchy,4.0,,1.0,0.9405476890655384,0.008050649149753331,rats2
cauchy,4.0,,2.0,0.9073889504920809,0.02268779746084643,rats2
cauchy,4.0,,4.0,0.8866854431987597,0.017810832411093814,rats2
cauchy,4.0,,8.0,0.8646442807154529,0.017867181094471052,rats2
laplacian,0.25,,0.125,0.9174085831396344,0.009872927609544134,rats2
laplacian,0.25,,0.25,0.8825831993792462,0.011279782963110616,rats2
laplacian,0.25,,0.5,0.8222291053489531,0.027878688980320192,rats2
laplacian,0.25,,1.0,0.7807270567492656,0.026372893977879043,rats2
laplacian,0.25,,2.0,0.7512518231404401,0.02471613687829633,rats2
laplacian,0.25,,4.0,0.7443007575497328,0.029377914720179314,rats2
laplacian,0.25,,8.0,0.7679451404151435,0.04159971223313675,rats2
laplacian,0.5,,0.125,0.9312700640441015,0.012130615457786657,rats2
laplacian,0.5,,0.25,0.8853311685896756,0.01722003634890275,rats2
laplacian,0.5,,0.5,0.8448333465922608,0.015622725789508903,rats2
laplacian,0.5,,1.0,0.7851464294916419,0.02780159204563139,rats2
laplacian,0.5,,2.0,0.7634401712281425,0.03353791223081624,rats2
laplacian,0.5,,4.0,0.7519285418283721,0.02564165395612331,rats2
laplacian,0.5,,8.0,0.7696976492925545,0.022668058571098243,rats2
laplacian,1.0,,0.125,0.9289692035596658,0.012734162042050926,rats2
laplacian,1.0,,0.25,0.8968299306617553,0.020594634818378615,rats2
laplacian,1.0,,0.5,0.8360242659553565,0.02488216748848397,rats2
laplacian,1.0,,1.0,0.7851274603122916,0.028677076895648336,rats2
laplacian,1.0,,2.0,0.7815758132111433,0.027681764425121495,rats2
laplacian,1.0,,4.0,0.7561670258873427,0.025792074192041135,rats2
laplacian,1.0,,8.0,0.764520060853905,0.028061834850598835,rats2
laplacian,2.0,,0.125,0.9330221462594436,0.01602871656818056,rats2
laplacian,2.0,,0.25,0.9092127248921351,0.013601141596601064,rats2
laplacian,2.0,,0.5,0.8918492750733202,0.015094685440082037,rats2
laplacian,2.0,,1.0,0.8336922186178215,0.023754564041780724,rats2
laplacian,2.0,,2.0,0.7944669380447799,0.028752658343936567,rats2
laplacian,2.0,,4.0,0.7513938649836391,0.028123270783272012,rats2
laplacian,2.0,,8.0,0.7811872237266432,0.019408594826583497,rats2
laplacian,4.0,,0.125,0.9619197269984283,0.009988987652396702,rats2
laplacian,4.0,,0.25,0.9648877196746997,0.01030910839107764,rats2
laplacian,4.0,,0.5,0.940250461435664,0.00930624870288543,rats2
laplacian,4.0,,1.0,0.90095487104279,0.01988443558353554,rats2
laplacian,4.0,,2.0,0.832751173080046,0.01695184692551457,rats2
laplacian,4.0,,4.0,0.7714498391750864,0.027277704381212832,rats2
laplacian,4.0,,8.0,0.7383364736367662,0.03608901299175763,rats2
wavelet,0.25,0.125,,0.5160004921454566,0.042937180099310274,retinopathy
wavelet,0.25,0.25,,0.4538433179898507,0.02308291647322761,retinopathy
wavelet,0.25,0.5,,0.4491549864409201,0.04909296462360202,retinopathy
wavelet,0.25,1.0,,0.5829799498392567,0.029147651593949803,retinopathy
wavelet,0.25,2.0,,0.7858779571925127,0.02978620126498374,retinopathy
wavelet,0.25,4.0,,0.901991970235351,0.018680254585476157,retinopathy
wavelet,0.25,8.0,,0.9539087710446749,0.012226805938998492,retinopathy
wavelet,0.5,0.125,,0.49966404927023456,0.038547871810512495,retinopathy
wavelet,0.5,0.25,,0.45617370982016475,0.05009762926956873,retinopathy
wavelet,0.5,0.5,,0.4918583834868489,0.04361678623932345,retinopathy
wavelet,0.5,1.0,,0.5520332252156444,0.047857634403020155,retinopathy
wavelet,0.5,2.0,,0.8097694436262838,0.044601286588545626,retinopathy
wavelet,0.5,4.0,,0.9099340830097076,0.010916873484281069,retinopathy
wavelet,0.5,8.0,,0.958661559827345,0.01013647071040563,retinopathy
wavelet,1.0,0.125,,0.5265589071487945,0.0313056009549849,retinopathy
wavelet,1.0,0.25,,0.44291474099191425,0.04636475200424734,retinopathy
wavelet,1.0,0.5,,0.48129756799011575,0.02812077087764613,retinopathy
wavelet,1.0,1.0,,0.5749795005571046,0.053232960248871704,retinopathy
wavelet,1.0,2.0,,0.7947215237107765,0.03607523939435649,retinopathy
wavelet,1.0,4.0,,0.9096046177210424,0.012239285292360234,retinopathy
wavelet,1.0,8.0,,0.958298794050761,0.008449250994746827,retinopathy
wavelet,2.0,0.125,,0.5200919783248491,0.024059563557397377,retinopathy
wavelet,2.0,0.25,,0.4621084809784284,0.052313626312805867,retinopathy
wavelet,2.0,0.5,,0.4393785552378346,0.04084947304133665,retinopathy
wavelet,2.0,1.0,,0.5801898928132827,0.06266497666174464,retinopathy
wavelet,2.0,2.0,,0.7728224496955838,0.035676056732726676,retinopathy
wavelet,2.0,4.0,,0.9208853799873781,0.01443393883812925,retinopathy
wavelet,2.0,8.0,,0.9639249072977478,0.006916389674663338,retinopathy
wavelet,4.0,0.125,,0.5244417591195016,0.03480798002083706,retinopathy
wavelet,4.0,0.25,,0.4737995359082777,0.029383437473071945,retinopathy
wavelet,4.0,0.5,,0.48046236385725594,0.0415421646638795,retinopathy
wavelet,4.0,1.0,,0.5830121013461003,0.05440995193083653,retinopathy
wavelet,4.0,2.0,,0.7918488020830866,0.02583105556356043,retinopathy
wavelet,4.0,4.0,,0.93932821386852,0.013591660705292845,retinopathy
wavelet,4.0,8.0,,0.9734422035889606,0.007513422124149391,retinopathy
linear,0.25,,0.125,0.9932832972814343,0.003133001359486878,retinopathy
linear,0.25,,0.25,0.9926249080141133,0.0015952863178382917,retinopathy
linear,0.25,,0.5,0.9926873297975372,0.002167059748835198,retinopathy
linear,0.25,,1.0,0.9955714812055142,0.0015549590307845093,retinopathy
linear,0.25,,2.0,0.9950902116473476,0.0019355082576028768,retinopathy
linear,0.25,,4.0,0.9935256146996025,0.0032529578326523172,retinopathy
linear,0.25,,8.0,0.9946949651583343,0.0013121396624924063,retinopathy
linear,0.5,,0.125,1.0,0.0,retinopathy
linear,0.5,,0.25,1.0,0.0,retinopathy
linear,0.5,,0.5,1.0,0.0,retinopathy
linear,0.5,,1.0,1.0,0.0,retinopathy
linear,0.5,,2.0,1.0,0.0,retinopathy
linear,0.5,,4.0,1.0,0.0,retinopathy
linear,0.5,,8.0,1.0,0.0,retinopathy
linear,1.0,,0.125,1.0,0.0,retinopathy
linear,1.0,,0.25,1.0,0.0,retinopathy
linear,1.0,,0.5,1.0,0.0,retinopathy
linear,1.0,,1.0,1.0,0.0,retinopathy
linear,1.0,,2.0,1.0,0.0,retinopathy
linear,1.0,,4.0,1.0,0.0,retinopathy
linear,1.0,,8.0,1.0,0.0,retinopathy
linear,2.0,,0.125,1.0,0.0,retinopathy
linear,2.0,,0.25,1.0,0.0,retinopathy
linear,2.0,,0.5,1.0,0.0,retinopathy
linear,2.0,,1.0,1.0,0.0,retinopathy
linear,2.0,,2.0,1.0,0.0,retinopathy
linear,2.0,,4.0,1.0,0.0,retinopathy
linear,2.0,,8.0,1.0,0.0,retinopathy
linear,4.0,,0.125,1.0,0.0,retinopathy
linear,4.0,,0.25,1.0,0.0,retinopathy
linear,4.0,,0.5,1.0,0.0,retinopathy
linear,4.0,,1.0,1.0,0.0,retinopathy
linear,4.0,,2.0,1.0,0.0,retinopathy
linear,4.0,,4.0,1.0,0.0,retinopathy
linear,4.0,,8.0,1.0,0.0,retinopathy
rbf,0.25,,0.125,0.8964437752435863,0.02022794902652733,retinopathy
rbf,0.25,,0.25,0.9025218891436182,0.012686805304382421,retinopathy
rbf,0.25,,0.5,0.8930633935898454,0.021801512230178084,retinopathy
rbf,0.25,,1.0,0.8814951231705621,0.014905773239580323,retinopathy
rbf,0.25,,2.0,0.8767536672883057,0.022954598270078543,retinopathy
rbf,0.25,,4.0,0.8500742117587643,0.02045959135359044,retinopathy
rbf,0.25,,8.0,0.8300033694790041,0.019075921734498427,retinopathy
rbf,0.5,,0.125,0.9185462007192806,0.020150210433289645,retinopathy
rbf,0.5,,0.25,0.9005601267169883,0.018952575193723134,retinopathy
rbf,0.5,,0.5,0.8900238826742687,0.016071717069009925,retinopathy
rbf,0.5,,1.0,0.8835642006386916,0.013055862219548083,retinopathy
rbf,0.5,,2.0,0.8695285631628608,0.020370257894998488,retinopathy
rbf,0.5,,4.0,0.8585215927958878,0.02529676186297002,retinopathy
rbf,0.5,,8.0,0.8343791177131761,0.018968891201619518,retinopathy
rbf,1.0,,0.125,0.9215589718038816,0.017384951871136808,retinopathy
rbf,1.0,,0.25,0.9106413460063537,0.014340662257810602,retinopathy
rbf,1.0,,0.5,0.8833520463132285,0.008340913223626869,retinopathy
rbf,1.0,,1.0,0.8926984030158783,0.022729313746614292,retinopathy
rbf,1.0,,2.0,0.8733694315250615,0.015291258973990186,retinopathy
rbf,1.0,,4.0,0.8703847145387582,0.01737773185175961,retinopathy
rbf,1.0,,8.0,0.8481972192209477,0.018840684892493676,retinopathy
rbf,2.0,,0.125,0.9288201234076322,0.007371808523529542,retinopathy
rbf,2.0,,0.25,0.9066556293224556,0.01146622617104198,retinopathy
rbf,2.0,,0.5,0.8901296587041848,0.017210208028204978,retinopathy
rbf,2.0,,1.0,0.8861285500688629,0.023499858849652742,retinopathy
rbf,2.0,,2.0,0.8720978487768567,0.013904695802795113,retinopathy
rbf,2.0,,4.0,0.8563971792833918,0.02526784668617093,retinopathy
rbf,2.0,,8.0,0.827790193707519,0.0251034192022036,retinopathy
rbf,4.0,,0.125,0.949372937575804,0.011167025814091392,retinopathy
rbf,4.0,,0.25,0.9300745769443266,0.008164006038815197,retinopathy
rbf,4.0,,0.5,0.9059080056215688,0.012644672300049774,retinopathy
rbf,4.0,,1.0,0.8908175070851894,0.01684720530351491,retinopathy
rbf,4.0,,2.0,0.8707240191780468,0.023548787433778712,retinopathy
rbf,4.0,,4.0,0.8612610672341858,0.021010297481863723,retinopathy
rbf,4.0,,8.0,0.838495575238728,0.023100663692241136,retinopathy
exponential,0.25,,0.125,0.952938924877427,0.006597423775335773,retinopathy
exponential,0.25,,0.25,0.9355550744339812,0.016503341591604187,retinopathy
exponential,0.25,,0.5,0.9221969000345318,0.011797218775882167,retinopathy
exponential,0.25,,1.0,0.898141073693993,0.019209964077811798,retinopathy
exponential,0.25,,2.0,0.8936279150562877,0.00902399990182845,retinopathy
exponential,0.25,,4.0,0.8754817906441554,0.01753875074659694,retinopathy
exponential,0.25,,8.0,0.8437038350211739,0.011748938485341105,retinopathy
exponential,0.5,,0.125,0.9411895800794875,0.009532441338886241,retinopathy
exponential,0.5,,0.25,0.9480353920623399,0.012846206288341423,retinopathy
exponential,0.5,,0.5,0.9085885094409007,0.020486042402268714,retinopathy
exponential,0.5,,1.0,0.8999196743605058,0.010827330141873735,retinopathy
exponential,0.5,,2.0,0.8834565072200696,0.01631710871642248,retinopathy
exponential,0.5,,4.0,0.8875326190226607,0.019898325725157037,retinopathy
exponential,0.5,,8.0,0.85709298821536,0.018697036870991914,retinopathy
exponential,1.0,,0.125,0.9565306794044701,0.0094953412712825,retinopathy
exponential,1.0,,0.25,0.9446649449752611,0.010991513350222177,retinopathy
exponential,1.0,,0.5,0.9137949602319553,0.017746705885718247,retinopathy
exponential,1.0,,1.0,0.9052176056480136,0.010748302123619387,retinopathy
exponential,1.0,,2.0,0.8869962529907127,0.012392543265729538,retinopathy
exponential,1.0,,4.0,0.8833245480757345,0.010195967828875602,retinopathy
exponential,1.0,,8.0,0.8497273626359318,0.032388420007766566,retinopathy
exponential,2.0,,0.125,0.955501307497442,0.007277445031298247,retinopathy
exponential,2.0,,0.25,0.9498679712442124,0.013329285241819313,retinopathy
exponential,2.0,,0.5,0.9299274294521247,0.016751804960984662,retinopathy
exponential,2.0,,1.0,0.9066063676336936,0.01745144189943585,retinopathy
exponential,2.0,,2.0,0.8894520937301064,0.009989235906223626,retinopathy
exponential,2.0,,4.0,0.8822790944053971,0.010795626084700539,retinopathy
exponential,2.0,,8.0,0.8581693436327192,0.026576042119905607,retinopathy
exponential,4.0,,0.125,0.9694089364744256,0.009035023463173366,retinopathy
exponential,4.0,,0.25,0.9575412443296262,0.008165180513167367,retinopathy
exponential,4.0,,0.5,0.9416723928711399,0.007193259569720932,retinopathy
exponential,4.0,,1.0,0.9085458491125576,0.013022854140489133,retinopathy
exponential,4.0,,2.0,0.8958761029513148,0.01095767233472497,retinopathy
exponential,4.0,,4.0,0.8675182049624601,0.014196652009636499,retinopathy
exponential,4.0,,8.0,0.8653779855949022,0.022890922676919227,retinopathy
poly,0.25,,0.125,0.9816730870052035,0.004177361349705868,retinopathy
poly,0.25,,0.25,0.9892360753318673,0.0036897828679617224,retinopathy
poly,0.25,,0.5,0.9949531616837322,0.0016221448286360687,retinopathy
poly,0.25,,1.0,0.9991378456027832,0.0019696728375642432,retinopathy
poly,0.25,,2.0,1.0,0.0,retinopathy
poly,0.25,,4.0,1.0,0.0,retinopathy
poly,0.25,,8.0,1.0,0.0,retinopathy
poly,0.5,,0.125,0.9929142801077446,0.0019224719332127619,retinopathy
poly,0.5,,0.25,0.9951427967612243,0.0014899157218450903,retinopathy
poly,0.5,,0.5,0.9974211973632862,0.0010930350254189467,retinopathy
poly,0.5,,1.0,1.0,0.0,retinopathy
poly,0.5,,2.0,0.9999487704918032,0.0001536885245901787,retinopathy
poly,0.5,,4.0,1.0,0.0,retinopathy
poly,0.5,,8.0,1.0,0.0,retinopathy
poly,1.0,,0.125,0.9953052774116837,0.0014369809146126396,retinopathy
poly,1.0,,0.25,0.9970883220985686,0.001038067497721899,retinopathy
poly,1.0,,0.5,0.9992934421511276,0.0005750208195731748,retinopathy
poly,1.0,,1.0,1.0,0.0,retinopathy
poly,1.0,,2.0,1.0,0.0,retinopathy
poly,1.0,,4.0,1.0,0.0,retinopathy
poly,1.0,,8.0,0.9998850574712644,0.0003448275862068861,retinopathy
poly,2.0,,0.125,0.9979690878805922,0.001482703092722615,retinopathy
poly,2.0,,0.25,0.9988800537329977,0.0006149154742837897,retinopathy
poly,2.0,,0.5,1.0,0.0,retinopathy
poly,2.0,,1.0,1.0,0.0,retinopathy
poly,2.0,,2.0,1.0,0.0,retinopathy
poly,2.0,,4.0,0.99986638161411,0.0004008551576696995,retinopathy
poly,2.0,,8.0,1.0,0.0,retinopathy
poly,4.0,,0.125,0.999020918792063,0.0005570063539215743,retinopathy
poly,4.0,,0.25,0.9993867038919928,0.001131438425565248,retinopathy
poly,4.0,,0.5,1.0,0.0,retinopathy
poly,4.0,,1.0,1.0,0.0,retinopathy
poly,4.0,,2.0,0.9998390989541432,0.000482703137570395,retinopathy
poly,4.0,,4.0,1.0,0.0,retinopathy
poly,4.0,,8.0,1.0,0.0,retinopathy
cauchy,0.25,,0.125,0.926552093583896,0.017586204215482796,retinopathy
cauchy,0.25,,0.25,0.9266443501846225,0.01216901429657568,retinopathy
cauchy,0.25,,0.5,0.9191812133281975,0.021557244459923845,retinopathy
cauchy,0.25,,1.0,0.9165603201198449,0.012753277366905043,retinopathy
cauchy,0.25,,2.0,0.9069887384069109,0.01303109987497822,retinopathy
cauchy,0.25,,4.0,0.9066131456125308,0.020248112281152482,retinopathy
cauchy,0.25,,8.0,0.8920473523098202,0.023736898541515415,retinopathy
cauchy,0.5,,0.125,0.942062990047687,0.011984535785398086,retinopathy
cauchy,0.5,,0.25,0.9277765204983816,0.011201811657902645,retinopathy
cauchy,0.5,,0.5,0.9109875558500568,0.0180313620123966,retinopathy
cauchy,0.5,,1.0,0.9103276526552613,0.01023353741724049,retinopathy
cauchy,0.5,,2.0,0.9044339772026595,0.01466543873052513,retinopathy
cauchy,0.5,,4.0,0.8953363511572935,0.01622016817769969,retinopathy
cauchy,0.5,,8.0,0.9003788684991157,0.016354872135705602,retinopathy
cauchy,1.0,,0.125,0.9379742386019709,0.010990507754394816,retinopathy
cauchy,1.0,,0.25,0.9275211015857027,0.01478152567692359,retinopathy
cauchy,1.0,,0.5,0.914808875995542,0.013733986401358741,retinopathy
cauchy,1.0,,1.0,0.9115996764604992,0.014252052015701833,retinopathy
cauchy,1.0,,2.0,0.9070831832902544,0.007312114295651672,retinopathy
cauchy,1.0,,4.0,0.901126661455123,0.021656569770638567,retinopathy
cauchy,1.0,,8.0,0.889184267452138,0.015127112932565795,retinopathy
cauchy,2.0,,0.125,0.9439901201889913,0.007053017339326801,retinopathy
cauchy,2.0,,0.25,0.9273161043256202,0.017896281527128417,retinopathy
cauchy,2.0,,0.5,0.9263741501582553,0.013726840941443209,retinopathy
cauchy,2.0,,1.0,0.9181493701750192,0.019533407697863846,retinopathy
cauchy,2.0,,2.0,0.9159114664428685,0.012083622550714953,retinopathy
cauchy,2.0,,4.0,0.9018645156130857,0.02450169538751963,retinopathy
cauchy,2.0,,8.0,0.8939634290287299,0.014472458240264318,retinopathy
cauchy,4.0,,0.125,0.9625832215478963,0.010819410052959626,retinopathy
cauchy,4.0,,0.25,0.9434400152571477,0.014198151334614367,retinopathy
cauchy,4.0,,0.5,0.937710853206279,0.008976381241835326,retinopathy
cauchy,4.0,,1.0,0.9211403968761012,0.019172748603568397,retinopathy
cauchy,4.0,,2.0,0.9025910145518592,0.014573326998860655,retinopathy
cauchy,4.0,,4.0,0.9144427590099482,0.00517333625497067,retinopathy
cauchy,4.0,,8.0,0.9051914029232087,0.020168685403314304,retinopathy
laplacian,0.25,,0.125,0.927988866078141,0.013717714045468406,retinopathy
laplacian,0.25,,0.25,0.9182426059273927,0.01663360593604799,retinopathy
laplacian,0.25,,0.5,0.8931244407922175,0.012443681568483727,retinopathy
laplacian,0.25,,1.0,0.8896047172286276,0.010259859412825867,retinopathy
laplacian,0.25,,2.0,0.8889574611297467,0.013771693967063967,retinopathy
laplacian,0.25,,4.0,0.8689758200340993,0.024809115979014026,retinopathy
laplacian,0.25,,8.0,0.8275957889442248,0.02663686591760659,retinopathy
laplacian,0.5,,0.125,0.9359245977355825,0.01726070557046812,retinopathy
laplacian,0.5,,0.25,0.9204608795525143,0.016699696193126296,retinopathy
laplacian,0.5,,0.5,0.9029323497373521,0.013948321238738003,retinopathy
laplacian,0.5,,1.0,0.8960522335640733,0.016499752189126,retinopathy
laplacian,0.5,,2.0,0.8938168068244952,0.016668082448659145,retinopathy
laplacian,0.5,,4.0,0.8636097743832607,0.019937372248826263,retinopathy
laplacian,0.5,,8.0,0.8343073025894213,0.027761570988952395,retinopathy
laplacian,1.0,,0.125,0.937390424345699,0.01963089862152744,retinopathy
laplacian,1.0,,0.25,0.9201418868127602,0.017954108594936204,retinopathy
laplacian,1.0,,0.5,0.9039964690509409,0.016795797318123015,retinopathy
laplacian,1.0,,1.0,0.8938776838302823,0.019892946934973853,retinopathy
laplacian,1.0,,2.0,0.8713537794511454,0.01788252032478019,retinopathy
laplacian,1.0,,4.0,0.8676898944450743,0.020244483402385733,retinopathy
laplacian,1.0,,8.0,0.8399031894651279,0.023419305852069312,retinopathy
laplacian,2.0,,0.125,0.9590776036928504,0.006909464539672683,retinopathy
laplacian,2.0,,0.25,0.9278558407405185,0.009391757068263583,retinopathy
laplacian,2.0,,0.5,0.9025767113373847,0.013297569173310817,retinopathy
laplacian,2.0,,1.0,0.9037566505695803,0.015132080963041554,retinopathy
laplacian,2.0,,2.0,0.8855876808064993,0.02119268658358839,retinopathy
laplacian,2.0,,4.0,0.8797965762746467,0.011712464035341963,retinopathy
laplacian,2.0,,8.0,0.8412999696445436,0.022848019889030787,retinopathy
laplacian,4.0,,0.125,0.9722278088256008,0.006760981006581293,retinopathy
laplacian,4.0,,0.25,0.9492619609759128,0.013838189361196126,retinopathy
laplacian,4.0,,0.5,0.9160941285991265,0.016689131323461507,retinopathy
laplacian,4.0,,1.0,0.8953063445986423,0.015462018494845272,retinopathy
laplacian,4.0,,2.0,0.8821981223504702,0.02013721068632113,retinopathy
laplacian,4.0,,4.0,0.8799792377646354,0.014374000638064075,retinopathy
laplacian,4.0,,8.0,0.8413185207742215,0.0219241813439485,retinopathy
