kernel,C,A,gamma,mean_cindex,std,prop_censor
wavelet,0.25,0.125,,0.48462154164552856,0.09185867883015936,0.06
wavelet,0.25,0.25,,0.5165610362795471,0.10301100625927659,0.06
wavelet,0.25,0.5,,0.4241321362265876,0.11817246147642854,0.06
wavelet,0.25,1.0,,0.4723515428350867,0.10699509177335993,0.06
wavelet,0.25,2.0,,0.6303211561497892,0.13369333428731597,0.06
wavelet,0.25,4.0,,0.6963693327872152,0.11328326095059707,0.06
wavelet,0.25,8.0,,0.6849283298110427,0.10245961186945365,0.06
wavelet,0.5,0.125,,0.47984486814200183,0.10238866102751715,0.06
wavelet,0.5,0.25,,0.5084089069814058,0.11808363009001253,0.06
wavelet,0.5,0.5,,0.4449007800544966,0.1253931583923096,0.06
wavelet,0.5,1.0,,0.48402053106947435,0.11864163388403219,0.06
wavelet,0.5,2.0,,0.6532243298312009,0.1143707428198596,0.06
wavelet,0.5,4.0,,0.6986960890534796,0.12363962049216413,0.06
wavelet,0.5,8.0,,0.684896970282366,0.10210994123620858,0.06
wavelet,1.0,0.125,,0.4801632278185147,0.10645025057094519,0.06
wavelet,1.0,0.25,,0.47663931459933556,0.119763773063993,0.06
wavelet,1.0,0.5,,0.43858948209344073,0.10435740666149619,0.06
wavelet,1.0,1.0,,0.4751226081906454,0.11177068835764578,0.06
wavelet,1.0,2.0,,0.6485338019995811,0.13398535939387932,0.06
wavelet,1.0,4.0,,0.7126369505903958,0.12082936065195923,0.06
wavelet,1.0,8.0,,0.6628319862672207,0.11658314652531138,0.06
wavelet,2.0,0.125,,0.49245929466943006,0.09940944538747504,0.06
wavelet,2.0,0.25,,0.4595391882104242,0.09978907026734281,0.06
wavelet,2.0,0.5,,0.4413712265495742,0.10822463514719208,0.06
wavelet,2.0,1.0,,0.4708917049274964,0.10858256713316242,0.06
wavelet,2.0,2.0,,0.7011747813899553,0.11986133164391558,0.06
wavelet,2.0,4.0,,0.7284331327973937,0.11931348277840047,0.06
wavelet,2.0,8.0,,0.6738937414509742,0.11940751345382775,0.06
wavelet,4.0,0.125,,0.47687746476552667,0.10479544348949063,0.06
wavelet,4.0,0.25,,0.47091658350737065,0.10661374841510579,0.06
wavelet,4.0,0.5,,0.42319058115459746,0.13006813006388562,0.06
wavelet,4.0,1.0,,0.48660417580758003,0.11876305147430553,0.06
wavelet,4.0,2.0,,0.6914419240367802,0.12438396754682043,0.06
wavelet,4.0,4.0,,0.7044782453995184,0.12070376850062484,0.06
wavelet,4.0,8.0,,0.6603145345937951,0.1274638585854871,0.06
linear,0.25,,0.125,0.644293312839512,0.10615081238627323,0.06
linear,0.25,,0.25,0.6550988529162971,0.10428631372620469,0.06
linear,0.25,,0.5,0.6500703047525007,0.12042695857678588,0.06
linear,0.25,,1.0,0.6479909590112715,0.10696997569044527,0.06
linear,0.25,,2.0,0.6588169055602151,0.1051847517727117,0.06
linear,0.25,,4.0,0.6591440639558483,0.11441404786853294,0.06
linear,0.25,,8.0,0.6592621708810938,0.1137618509157142,0.06
linear,0.5,,0.125,0.6333353840609288,0.1320209984776636,0.06
linear,0.5,,0.25,0.6404514543269696,0.14030864738809884,0.06
linear,0.5,,0.5,0.6250627735369606,0.13208462463713097,0.06
linear,0.5,,1.0,0.6411711986712642,0.1149346971233159,0.06
linear,0.5,,2.0,0.6377592616984097,0.10430413411741533,0.06
linear,0.5,,4.0,0.6425000068925673,0.12371412195453538,0.06
linear,0.5,,8.0,0.648713934476612,0.10802688185264502,0.06
linear,1.0,,0.125,0.6466768584190681,0.09712401566934965,0.06
linear,1.0,,0.25,0.6353352109913977,0.12615801313347325,0.06
linear,1.0,,0.5,0.618446591101469,0.12212394741945878,0.06
linear,1.0,,1.0,0.6142898848790199,0.13000354101152245,0.06
linear,1.0,,2.0,0.6157445950706436,0.1208269492842892,0.06
linear,1.0,,4.0,0.6135698413453763,0.12585778311763499,0.06
linear,1.0,,8.0,0.6423926212494638,0.10735554342795947,0.06
linear,2.0,,0.125,0.6038552451823079,0.14116026166807458,0.06
linear,2.0,,0.25,0.6163180677131472,0.12376909091173806,0.06
linear,2.0,,0.5,0.607968090387805,0.12975253863737213,0.06
linear,2.0,,1.0,0.6251479550933192,0.11871532995231214,0.06
linear,2.0,,2.0,0.613289128466973,0.12511183535761794,0.06
linear,2.0,,4.0,0.6222823351101994,0.1150920658797643,0.06
linear,2.0,,8.0,0.6264472203550919,0.12171895733702756,0.06
linear,4.0,,0.125,0.6235746705801342,0.13255138664172214,0.06
linear,4.0,,0.25,0.6448187067863179,0.10450457853854304,0.06
linear,4.0,,0.5,0.6189491142059682,0.11029193281731713,0.06
linear,4.0,,1.0,0.6003236903956986,0.1072466075202224,0.06
linear,4.0,,2.0,0.6109222924886406,0.12613657425192,0.06
linear,4.0,,4.0,0.6171183612420935,0.12292248101380684,0.06
linear,4.0,,8.0,0.6319644209455111,0.11685438766891372,0.06
rbf,0.25,,0.125,0.6762612030832151,0.12492337621926826,0.06
rbf,0.25,,0.25,0.6615038491211364,0.10674944297825635,0.06
rbf,0.25,,0.5,0.6317103400972077,0.11737025614009924,0.06
rbf,0.25,,1.0,0.5910588853264702,0.09890009306176496,0.06
rbf,0.25,,2.0,0.5539149478681148,0.09665796958062857,0.06
rbf,0.25,,4.0,0.5388173186421567,0.10696092932093378,0.06
rbf,0.25,,8.0,0.5436164678161013,0.09773983172621019,0.06
rbf,0.5,,0.125,0.6874531823313476,0.1188104676713513,0.06
rbf,0.5,,0.25,0.6780367356839251,0.11995530488167672,0.06
rbf,0.5,,0.5,0.6417974099337378,0.1101072159427745,0.06
rbf,0.5,,1.0,0.5875831001898856,0.11063928864491072,0.06
rbf,0.5,,2.0,0.53423508134504,0.11784794278195239,0.06
rbf,0.5,,4.0,0.5393743834397952,0.09519773787739232,0.06
rbf,0.5,,8.0,0.519538938520094,0.10105429824148407,0.06
rbf,1.0,,0.125,0.6830014126930308,0.1289659038159873,0.06
rbf,1.0,,0.25,0.6861489558374332,0.12390808305964117,0.06
rbf,1.0,,0.5,0.6532122643509152,0.11325181941264305,0.06
rbf,1.0,,1.0,0.5945507248691098,0.1141681808839163,0.06
rbf,1.0,,2.0,0.545215200159681,0.10411320990676663,0.06
rbf,1.0,,4.0,0.5284163871813261,0.09697916904645655,0.06
rbf,1.0,,8.0,0.5215744962831594,0.08787276742552655,0.06
rbf,2.0,,0.125,0.689678309688051,0.12481006329324021,0.06
rbf,2.0,,0.25,0.7046511763771137,0.12645304135945576,0.06
rbf,2.0,,0.5,0.6833744062714243,0.10011827194680088,0.06
rbf,2.0,,1.0,0.6240568875677821,0.11286404552146838,0.06
rbf,2.0,,2.0,0.5813129983243508,0.11146487347564728,0.06
rbf,2.0,,4.0,0.5497554851380672,0.10521766250445526,0.06
rbf,2.0,,8.0,0.5512274546721644,0.09724837683427663,0.06
rbf,4.0,,0.125,0.7124357941191107,0.10923037758986039,0.06
rbf,4.0,,0.25,0.7334785354597565,0.10551751148794881,0.06
rbf,4.0,,0.5,0.7093970951983448,0.11389882399557066,0.06
rbf,4.0,,1.0,0.6239764829205017,0.10701346969863866,0.06
rbf,4.0,,2.0,0.5923059838625173,0.10547989123914576,0.06
rbf,4.0,,4.0,0.5498097532942459,0.10148568603188526,0.06
rbf,4.0,,8.0,0.5463330442231836,0.0839685816013403,0.06
exponential,0.25,,0.125,0.6963440865408083,0.10802765882168386,0.06
exponential,0.25,,0.25,0.6618183630077238,0.12004895517513567,0.06
exponential,0.25,,0.5,0.6819814340144323,0.10343659503056096,0.06
exponential,0.25,,1.0,0.6345384016551981,0.11978819403913432,0.06
exponential,0.25,,2.0,0.6032664232528215,0.10797969452875454,0.06
exponential,0.25,,4.0,0.5369031182163093,0.11357562133040507,0.06
exponential,0.25,,8.0,0.5213445408070195,0.09861549056513587,0.06
exponential,0.5,,0.125,0.6860734537587575,0.10281606944149951,0.06
exponential,0.5,,0.25,0.6679877143293358,0.11420064706208076,0.06
exponential,0.5,,0.5,0.6770451779457864,0.1265571467619436,0.06
exponential,0.5,,1.0,0.6537865973545854,0.10782193921229928,0.06
exponential,0.5,,2.0,0.5838852197770604,0.11323877704310362,0.06
exponential,0.5,,4.0,0.5556425748780653,0.10637503931619825,0.06
exponential,0.5,,8.0,0.5288148992094225,0.10452058565068649,0.06
exponential,1.0,,0.125,0.6850961211464057,0.10861196042542937,0.06
exponential,1.0,,0.25,0.684259699954745,0.13122007847935224,0.06
exponential,1.0,,0.5,0.6795938001629007,0.1027883732596686,0.06
exponential,1.0,,1.0,0.6603762358762562,0.10685316882793017,0.06
exponential,1.0,,2.0,0.5977950198652286,0.11569896574809446,0.06
exponential,1.0,,4.0,0.5396457800634665,0.09749785802713952,0.06
exponential,1.0,,8.0,0.532056209735723,0.0949041487017594,0.06
exponential,2.0,,0.125,0.7002146911011008,0.11078437139025367,0.06
exponential,2.0,,0.25,0.6985119508146398,0.1218553652889551,0.06
exponential,2.0,,0.5,0.7279244347551945,0.11826313698588052,0.06
exponential,2.0,,1.0,0.6741803301898507,0.09950205218986356,0.06
exponential,2.0,,2.0,0.616082359522162,0.11858012522098574,0.06
exponential,2.0,,4.0,0.553608100711549,0.1036098720124039,0.06
exponential,2.0,,8.0,0.5308475272537302,0.10789365328672756,0.06
exponential,4.0,,0.125,0.6896490237244999,0.12516620002686688,0.06
exponential,4.0,,0.25,0.7133903291993983,0.12051629066983383,0.06
exponential,4.0,,0.5,0.7153037688935419,0.10727024894139764,0.06
exponential,4.0,,1.0,0.6872531843424666,0.1223316865973501,0.06
exponential,4.0,,2.0,0.6495204101308842,0.11154354122895067,0.06
exponential,4.0,,4.0,0.5695129837555408,0.12595412029017833,0.06
exponential,4.0,,8.0,0.5326213555904716,0.10741955922574539,0.06
poly,0.25,,0.125,0.6769490136028121,0.13171363759439875,0.06
poly,0.25,,0.25,0.7172714231612352,0.10871131139982122,0.06
poly,0.25,,0.5,0.7529698787257512,0.1044874872908805,0.06
poly,0.25,,1.0,0.6636293615433837,0.13987372627054423,0.06
poly,0.25,,2.0,0.5807471940996036,0.1391006088414856,0.06
poly,0.25,,4.0,0.5397550580349442,0.1445573502620754,0.06
poly,0.25,,8.0,0.5480554274293397,0.15921427067822283,0.06
poly,0.5,,0.125,0.6862009283320298,0.11852553732535269,0.06
poly,0.5,,0.25,0.7483457448169547,0.10501626234209782,0.06
poly,0.5,,0.5,0.7107958025020775,0.12684511295328177,0.06
poly,0.5,,1.0,0.6326134102071745,0.13132947332711567,0.06
poly,0.5,,2.0,0.5742024577679186,0.13644500691311914,0.06
poly,0.5,,4.0,0.567942123348817,0.15178038585959716,0.06
poly,0.5,,8.0,0.5466034347916873,0.14897623349838685,0.06
poly,1.0,,0.125,0.7244259733556011,0.12692833360341543,0.06
poly,1.0,,0.25,0.7467115640471984,0.1206213131586343,0.06
poly,1.0,,0.5,0.7168056767419947,0.1274392354609915,0.06
poly,1.0,,1.0,0.6095363777897311,0.14759387782148345,0.06
poly,1.0,,2.0,0.5386902254143305,0.17206756425521763,0.06
poly,1.0,,4.0,0.5215098294618349,0.13339249529360905,0.06
poly,1.0,,8.0,0.4819578923152501,0.13663190429969704,0.06
poly,2.0,,0.125,0.7427261467839235,0.11533302587063891,0.06
poly,2.0,,0.25,0.7153057671715329,0.12452762775614756,0.06
poly,2.0,,0.5,0.6689663882069496,0.12325512537658927,0.06
poly,2.0,,1.0,0.5900825798010579,0.15249977887675673,0.06
poly,2.0,,2.0,0.5723646781680953,0.1477966603082374,0.06
poly,2.0,,4.0,0.5473901437846181,0.17468860500390607,0.06
poly,2.0,,8.0,0.5176580187608127,0.15365272879300165,0.06
poly,4.0,,0.125,0.710208080562592,0.1029957031016408,0.06
poly,4.0,,0.25,0.7110836567410866,0.12009225793339168,0.06
poly,4.0,,0.5,0.61184212149821,0.14639439994762463,0.06
poly,4.0,,1.0,0.5795221352908979,0.14800240699039868,0.06
poly,4.0,,2.0,0.5361978184741385,0.15066373763819246,0.06
poly,4.0,,4.0,0.5135479013183121,0.15629682676031245,0.06
poly,4.0,,8.0,0.5197877024609014,0.15768562906299471,0.06
cauchy,0.25,,0.125,0.6806395375691655,0.12661708481871584,0.06
cauchy,0.25,,0.25,0.6655194737685413,0.11141254805421659,0.06
cauchy,0.25,,0.5,0.6816465617856338,0.12948967305206158,0.06
cauchy,0.25,,1.0,0.6417122023886239,0.11416141445837745,0.06
cauchy,0.25,,2.0,0.6209487567838676,0.11728284817657975,0.06
cauchy,0.25,,4.0,0.5954280313534387,0.10766222278478774,0.06
cauchy,0.25,,8.0,0.5878805301403941,0.10887510059390065,0.06
cauchy,0.5,,0.125,0.6937253622587,0.12030310254216854,0.06
cauchy,0.5,,0.25,0.6729725733418728,0.12186696989943108,0.06
cauchy,0.5,,0.5,0.6765703419062709,0.1151254630495814,0.06
cauchy,0.5,,1.0,0.6217774909336775,0.1144127839682939,0.06
cauchy,0.5,,2.0,0.6046895391376963,0.1288454756441178,0.06
cauchy,0.5,,4.0,0.5940573802093057,0.12603890535324772,0.06
cauchy,0.5,,8.0,0.5757413535340317,0.11225026018865303,0.06
cauchy,1.0,,0.125,0.6995140251351156,0.12372730914845628,0.06
cauchy,1.0,,0.25,0.6904457302387028,0.12430308377351637,0.06
cauchy,1.0,,0.5,0.6953503755835431,0.10734392843776337,0.06
cauchy,1.0,,1.0,0.6523932709565439,0.11170830800581061,0.06
cauchy,1.0,,2.0,0.6189627855186973,0.11934343423061702,0.06
cauchy,1.0,,4.0,0.6092598297214864,0.11168274098687091,0.06
cauchy,1.0,,8.0,0.5896299571721364,0.11644272559606128,0.06
cauchy,2.0,,0.125,0.7202334578621956,0.1121640543464461,0.06
cauchy,2.0,,0.25,0.6995050709939149,0.12017544679473503,0.06
cauchy,2.0,,0.5,0.6986380652034972,0.10244644232923791,0.06
cauchy,2.0,,1.0,0.6721296336286562,0.10187150334254211,0.06
cauchy,2.0,,2.0,0.6440337479625619,0.12333981567662858,0.06
cauchy,2.0,,4.0,0.6412474748654983,0.10682553222965989,0.06
cauchy,2.0,,8.0,0.5937124167427446,0.11043212699804535,0.06
cauchy,4.0,,0.125,0.7140648862327482,0.10609153801081694,0.06
cauchy,4.0,,0.25,0.7231308010041245,0.115388563707049,0.06
cauchy,4.0,,0.5,0.7023450683067576,0.1028772730298358,0.06
cauchy,4.0,,1.0,0.6723729368445391,0.11804740216317731,0.06
cauchy,4.0,,2.0,0.644312321814154,0.10509751331458274,0.06
cauchy,4.0,,4.0,0.6503388710213245,0.11091851014783202,0.06
cauchy,4.0,,8.0,0.617326164355249,0.11898463510494359,0.06
laplacian,0.25,,0.125,0.6474566311642802,0.10889921332490266,0.06
laplacian,0.25,,0.25,0.649243379382292,0.09534166148133533,0.06
laplacian,0.25,,0.5,0.655010481517581,0.09425011015650607,0.06
laplacian,0.25,,1.0,0.6054781651494994,0.10730392160935441,0.06
laplacian,0.25,,2.0,0.5773577162797907,0.1079824776311105,0.06
laplacian,0.25,,4.0,0.5495881779819488,0.08657041961066751,0.06
laplacian,0.25,,8.0,0.5450897642166045,0.0992676672922624,0.06
laplacian,0.5,,0.125,0.6749643948387322,0.11559699507198935,0.06
laplacian,0.5,,0.25,0.6694776911674772,0.11215199343850861,0.06
laplacian,0.5,,0.5,0.6447636273844153,0.1155402243591608,0.06
laplacian,0.5,,1.0,0.6084149707882613,0.1172012032041966,0.06
laplacian,0.5,,2.0,0.5629200459011932,0.1152435859786979,0.06
laplacian,0.5,,4.0,0.5610324154605383,0.08760547345567973,0.06
laplacian,0.5,,8.0,0.5277989824304683,0.09723284602073116,0.06
laplacian,1.0,,0.125,0.6477976528436231,0.11349876301869767,0.06
laplacian,1.0,,0.25,0.6668186269080727,0.1354185011117832,0.06
laplacian,1.0,,0.5,0.6620230861819226,0.10784810972323315,0.06
laplacian,1.0,,1.0,0.6137578387550456,0.11301587473774327,0.06
laplacian,1.0,,2.0,0.574084811812614,0.10674352604451899,0.06
laplacian,1.0,,4.0,0.5644327017286842,0.1083839064379985,0.06
laplacian,1.0,,8.0,0.5486974187524472,0.08885495475911474,0.06
laplacian,2.0,,0.125,0.6455672584266119,0.11347729119054599,0.06
laplacian,2.0,,0.25,0.6449085127419019,0.12346610103350274,0.06
laplacian,2.0,,0.5,0.6754545333689479,0.10253408180113521,0.06
laplacian,2.0,,1.0,0.6294859558277082,0.11455538681526187,0.06
laplacian,2.0,,2.0,0.5671889087923571,0.11239302407858362,0.06
laplacian,2.0,,4.0,0.552332265504712,0.10544155189266084,0.06
laplacian,2.0,,8.0,0.5449210677833004,0.10726808474606543,0.06
laplacian,4.0,,0.125,0.6430066891893105,0.11464228042591318,0.06
laplacian,4.0,,0.25,0.6535861141773593,0.11167860861103487,0.06
laplacian,4.0,,0.5,0.6844683168983372,0.12077692391360233,0.06
laplacian,4.0,,1.0,0.6577061284553597,0.10306208583879448,0.06
laplacian,4.0,,2.0,0.5917332295104983,0.11118059421902454,0.06
laplacian,4.0,,4.0,0.5682066907661032,0.11682448676950752,0.06
laplacian,4.0,,8.0,0.5455301586640656,0.09370920699548317,0.06
wavelet,0.25,0.125,,0.47805229520186576,0.10565835444141955,0.25
wavelet,0.25,0.25,,0.47038629175105734,0.10919137023365985,0.25
wavelet,0.25,0.5,,0.4771824477995175,0.11779196224949949,0.25
wavelet,0.25,1.0,,0.5316387030975235,0.122982200229947,0.25
wavelet,0.25,2.0,,0.6559734587928496,0.12728760646447107,0.25
wavelet,0.25,4.0,,0.6488388767753592,0.15806869277665211,0.25
wavelet,0.25,8.0,,0.6382683137202089,0.12306038590657573,0.25
wavelet,0.5,0.125,,0.4802119392886855,0.09463891116490183,0.25
wavelet,0.5,0.25,,0.4960108931451109,0.09905018487239979,0.25
wavelet,0.5,0.5,,0.4956734487533847,0.10063741089287805,0.25
wavelet,0.5,1.0,,0.5165638739548326,0.11746549927402254,0.25
wavelet,0.5,2.0,,0.6681190328233,0.11691098223377054,0.25
wavelet,0.5,4.0,,0.658606694414962,0.10953507281835259,0.25
wavelet,0.5,8.0,,0.6252359805619957,0.12289822894032672,0.25
wavelet,1.0,0.125,,0.47769677346647876,0.10928414212447657,0.25
wavelet,1.0,0.25,,0.4728548460058019,0.10807701679309353,0.25
wavelet,1.0,0.5,,0.4826522966486512,0.10541985903724015,0.25
wavelet,1.0,1.0,,0.5231661875400343,0.10998202664137903,0.25
wavelet,1.0,2.0,,0.6586131472136085,0.13101648292763157,0.25
wavelet,1.0,4.0,,0.6768944595682368,0.13707881312447923,0.25
wavelet,1.0,8.0,,0.6315705675757498,0.11916305668430917,0.25
wavelet,2.0,0.125,,0.4775708412234708,0.09695275424001988,0.25
wavelet,2.0,0.25,,0.45742172164322825,0.11941828479762191,0.25
wavelet,2.0,0.5,,0.4792466145772941,0.11790719811951962,0.25
wavelet,2.0,1.0,,0.4970407843779302,0.11976256388070518,0.25
wavelet,2.0,2.0,,0.71619150430568,0.1213509902121962,0.25
wavelet,2.0,4.0,,0.7087471561180196,0.11488873012576309,0.25
wavelet,2.0,8.0,,0.6328494046849172,0.11467916485115759,0.25
wavelet,4.0,0.125,,0.47256516221439754,0.10519333048349364,0.25
wavelet,4.0,0.25,,0.44522464905531506,0.10691102302988637,0.25
wavelet,4.0,0.5,,0.48285899980014313,0.11280906045468826,0.25
wavelet,4.0,1.0,,0.538406658271425,0.12262776061235826,0.25
wavelet,4.0,2.0,,0.7011503984832324,0.11570354420997124,0.25
wavelet,4.0,4.0,,0.7236474841505094,0.12969011512007556,0.25
wavelet,4.0,8.0,,0.6374036074256226,0.10940664960229193,0.25
linear,0.25,,0.125,0.619133167473005,0.11892632921203775,0.25
linear,0.25,,0.25,0.6233576848105714,0.13017913514919036,0.25
linear,0.25,,0.5,0.6066870674528202,0.12891799755242966,0.25
linear,0.25,,1.0,0.6150954695859595,0.11280695925115902,0.25
linear,0.25,,2.0,0.6142162212647401,0.11590584628587952,0.25
linear,0.25,,4.0,0.6265323374966144,0.10372111445488678,0.25
linear,0.25,,8.0,0.6099717701444072,0.11435188906000048,0.25
linear,0.5,,0.125,0.5947662421777439,0.10800203822487839,0.25
linear,0.5,,0.25,0.6045769620463773,0.1222338406208917,0.25
linear,0.5,,0.5,0.6073688898134844,0.12760527684683753,0.25
linear,0.5,,1.0,0.5994818234080685,0.11966946195301204,0.25
linear,0.5,,2.0,0.5964432288765976,0.13175849746646282,0.25
linear,0.5,,4.0,0.6118816390305748,0.11801869127145405,0.25
linear,0.5,,8.0,0.6124893424405742,0.11697401713112966,0.25
linear,1.0,,0.125,0.6019456542381623,0.12891933003735007,0.25
linear,1.0,,0.25,0.5922345283086671,0.12011837066775297,0.25
linear,1.0,,0.5,0.5714077805458989,0.12198588443712584,0.25
linear,1.0,,1.0,0.6038959105025478,0.12160651274268659,0.25
linear,1.0,,2.0,0.6020536341024532,0.10981240929399051,0.25
linear,1.0,,4.0,0.5919920345035465,0.11888848583879415,0.25
linear,1.0,,8.0,0.5998854061845319,0.13551648302375474,0.25
linear,2.0,,0.125,0.6275378103678056,0.11698131043275899,0.25
linear,2.0,,0.25,0.5771439095383437,0.12321513143096208,0.25
linear,2.0,,0.5,0.6013653953967338,0.10272292263887196,0.25
linear,2.0,,1.0,0.607806115387022,0.10885811785849338,0.25
linear,2.0,,2.0,0.576440085308587,0.12150655725553544,0.25
linear,2.0,,4.0,0.5966498215084075,0.12065896146652734,0.25
linear,2.0,,8.0,0.5873425337243607,0.1190173224663042,0.25
linear,4.0,,0.125,0.5941141754490974,0.11637327359242434,0.25
linear,4.0,,0.25,0.5918159501687432,0.13115076722007704,0.25
linear,4.0,,0.5,0.5894601980047118,0.12161594785556731,0.25
linear,4.0,,1.0,0.5865849023607808,0.12003997893476513,0.25
linear,4.0,,2.0,0.5735049799617007,0.10977453172487543,0.25
linear,4.0,,4.0,0.6031467302328538,0.11720930871689007,0.25
linear,4.0,,8.0,0.5556821559109255,0.13148432850887787,0.25
rbf,0.25,,0.125,0.6418129502306656,0.12008895732478217,0.25
rbf,0.25,,0.25,0.6479052776756717,0.1281223754927141,0.25
rbf,0.25,,0.5,0.6509860363885219,0.14259933928344573,0.25
rbf,0.25,,1.0,0.6017558974917437,0.11762707898669063,0.25
rbf,0.25,,2.0,0.5800816004627474,0.11717926592500988,0.25
rbf,0.25,,4.0,0.5485064226570223,0.10582120297296295,0.25
rbf,0.25,,8.0,0.5675721617110743,0.10436308456306523,0.25
rbf,0.5,,0.125,0.6397670739947459,0.11944147996531167,0.25
rbf,0.5,,0.25,0.6439781181916271,0.12691053424115192,0.25
rbf,0.5,,0.5,0.6377718561250522,0.12902158826224813,0.25
rbf,0.5,,1.0,0.6361048906068294,0.11414137428064072,0.25
rbf,0.5,,2.0,0.5943807409098557,0.1100814288316474,0.25
rbf,0.5,,4.0,0.5756945378061525,0.10423281025982477,0.25
rbf,0.5,,8.0,0.5551118997538991,0.11489233408704903,0.25
rbf,1.0,,0.125,0.6637000745374884,0.1180669963941517,0.25
rbf,1.0,,0.25,0.6694865306037764,0.13299677811923,0.25
rbf,1.0,,0.5,0.6866201760751154,0.11093132592005282,0.25
rbf,1.0,,1.0,0.6431498051303342,0.11445844560396969,0.25
rbf,1.0,,2.0,0.5865599503049655,0.09791857994506956,0.25
rbf,1.0,,4.0,0.5731038808864415,0.09956104203720802,0.25
rbf,1.0,,8.0,0.5785263522126899,0.11606258981448113,0.25
rbf,2.0,,0.125,0.6911836385582484,0.13441451727306994,0.25
rbf,2.0,,0.25,0.6961876073405958,0.1198720619971784,0.25
rbf,2.0,,0.5,0.7086244188581344,0.11894985993261506,0.25
rbf,2.0,,1.0,0.642866509342939,0.13145003631166502,0.25
rbf,2.0,,2.0,0.6005489870351906,0.11571990432887357,0.25
rbf,2.0,,4.0,0.5702041908564268,0.09003887645942055,0.25
rbf,2.0,,8.0,0.5796707998871576,0.10812089605574908,0.25
rbf,4.0,,0.125,0.6994254596244137,0.12365957403521348,0.25
rbf,4.0,,0.25,0.7408228759861986,0.10494060998974068,0.25
rbf,4.0,,0.5,0.7001994016160715,0.11727257025635518,0.25
rbf,4.0,,1.0,0.6700578816292223,0.11424260593850386,0.25
rbf,4.0,,2.0,0.5982925063496292,0.11117363661658286,0.25
rbf,4.0,,4.0,0.5745845075089169,0.11517626310320349,0.25
rbf,4.0,,8.0,0.5633103447987817,0.10305398283030062,0.25
exponential,0.25,,0.125,0.6671173109197757,0.11077520673180558,0.25
exponential,0.25,,0.25,0.642138501271868,0.12212843785157466,0.25
exponential,0.25,,0.5,0.6567466639164066,0.14470136308182993,0.25
exponential,0.25,,1.0,0.6247940231208122,0.12632894882708176,0.25
exponential,0.25,,2.0,0.620093924296778,0.11162272809852684,0.25
exponential,0.25,,4.0,0.593032603095115,0.08422830075451912,0.25
exponential,0.25,,8.0,0.5878313173405543,0.10074912773685699,0.25
exponential,0.5,,0.125,0.6334575688201597,0.11904163406082117,0.25
exponential,0.5,,0.25,0.6398114421617275,0.12948042113614458,0.25
exponential,0.5,,0.5,0.6552869882274841,0.1345944810912079,0.25
exponential,0.5,,1.0,0.6516617904969939,0.1295901219609722,0.25
exponential,0.5,,2.0,0.6297314558906769,0.10887116349733474,0.25
exponential,0.5,,4.0,0.5905326784078935,0.10891573913735361,0.25
exponential,0.5,,8.0,0.5471802537239043,0.10487191110425459,0.25
exponential,1.0,,0.125,0.6409164610452496,0.11517913678918947,0.25
exponential,1.0,,0.25,0.6999406822419314,0.11798505856897079,0.25
exponential,1.0,,0.5,0.702602746679789,0.11681038753958169,0.25
exponential,1.0,,1.0,0.6541002912249173,0.10610246373735295,0.25
exponential,1.0,,2.0,0.6272018558646781,0.11846420966627647,0.25
exponential,1.0,,4.0,0.5809870243445111,0.10298964906026338,0.25
exponential,1.0,,8.0,0.5708968188223161,0.10878646145139202,0.25
exponential,2.0,,0.125,0.6684758347803188,0.13555562637114296,0.25
exponential,2.0,,0.25,0.6688039319865239,0.12772174553671947,0.25
exponential,2.0,,0.5,0.690902444777971,0.1176479357077026,0.25
exponential,2.0,,1.0,0.6623041546488728,0.11530063529195884,0.25
exponential,2.0,,2.0,0.608468913279374,0.10822821822929234,0.25
exponential,2.0,,4.0,0.5957746711181237,0.10659937877902395,0.25
exponential,2.0,,8.0,0.5721571341337903,0.09677195491727544,0.25
exponential,4.0,,0.125,0.6803836801879755,0.12876279354234152,0.25
exponential,4.0,,0.25,0.7161491757914017,0.105117572877785,0.25
exponential,4.0,,0.5,0.7463734287147646,0.12393375436251049,0.25
exponential,4.0,,1.0,0.6688579248730676,0.11424319223130235,0.25
exponential,4.0,,2.0,0.6106593073446998,0.11173786514736768,0.25
exponential,4.0,,4.0,0.5999194589147805,0.12082858173364448,0.25
exponential,4.0,,8.0,0.5701253687230041,0.12305489231521115,0.25
poly,0.25,,0.125,0.6908540081919015,0.12107421970756438,0.25
poly,0.25,,0.25,0.7569174479813507,0.11164208750713378,0.25
poly,0.25,,0.5,0.7508700974875018,0.12821271551019717,0.25
poly,0.25,,1.0,0.6822954371948025,0.1413853212663882,0.25
poly,0.25,,2.0,0.611095968552938,0.14566797453279995,0.25
poly,0.25,,4.0,0.5587958248972147,0.13785722654376922,0.25
poly,0.25,,8.0,0.502565151978094,0.15688769494448726,0.25
poly,0.5,,0.125,0.6909177300591207,0.1344288973872696,0.25
poly,0.5,,0.25,0.7416148598551817,0.12488277990128235,0.25
poly,0.5,,0.5,0.7143544918856755,0.13239377196045835,0.25
poly,0.5,,1.0,0.6402016491379263,0.15888608844482,0.25
poly,0.5,,2.0,0.5772792431587597,0.14969725723447086,0.25
poly,0.5,,4.0,0.5187517149699751,0.1497228392748027,0.25
poly,0.5,,8.0,0.522288937681341,0.14093438993985377,0.25
poly,1.0,,0.125,0.7329005151445027,0.1270389947571212,0.25
poly,1.0,,0.25,0.7564274187793383,0.11763167289674677,0.25
poly,1.0,,0.5,0.7122487296601889,0.12764816638953094,0.25
poly,1.0,,1.0,0.598038247833763,0.14190098299706086,0.25
poly,1.0,,2.0,0.5474294030556044,0.1622128157972725,0.25
poly,1.0,,4.0,0.5103458481286272,0.15901709925691832,0.25
poly,1.0,,8.0,0.4976399553372113,0.1623211240685399,0.25
poly,2.0,,0.125,0.7577512266543911,0.11576421737026536,0.25
poly,2.0,,0.25,0.7392128801522162,0.13119545736260838,0.25
poly,2.0,,0.5,0.6672547841288466,0.14374372084439618,0.25
poly,2.0,,1.0,0.5678836827431482,0.16609668606870281,0.25
poly,2.0,,2.0,0.5314146239256247,0.16304402830093698,0.25
poly,2.0,,4.0,0.5215588719329366,0.17086295761136827,0.25
poly,2.0,,8.0,0.4950273135301543,0.16689061723494705,0.25
poly,4.0,,0.125,0.7658942216171744,0.12531969318881717,0.25
poly,4.0,,0.25,0.7147736216268367,0.11434452193842906,0.25
poly,4.0,,0.5,0.6317409381678831,0.14760089837232304,0.25
poly,4.0,,1.0,0.574431620470088,0.14002981159200262,0.25
poly,4.0,,2.0,0.5380432040845393,0.15234670287145274,0.25
poly,4.0,,4.0,0.510541013938974,0.13653094209373454,0.25
poly,4.0,,8.0,0.5114374914937501,0.1480270175699893,0.25
cauchy,0.25,,0.125,0.6689560613240364,0.12567876276565187,0.25
cauchy,0.25,,0.25,0.6425314556037588,0.13346563383658874,0.25
cauchy,0.25,,0.5,0.6710044455754175,0.13538929560542048,0.25
cauchy,0.25,,1.0,0.6369365873250771,0.12800479372225698,0.25
cauchy,0.25,,2.0,0.6287217315615564,0.12288346471400895,0.25
cauchy,0.25,,4.0,0.5909116452987218,0.12388793635352074,0.25
cauchy,0.25,,8.0,0.6032505154993294,0.08799950059467453,0.25
cauchy,0.5,,0.125,0.6712925285916056,0.11876373846363983,0.25
cauchy,0.5,,0.25,0.6656993760750316,0.12763464222736332,0.25
cauchy,0.5,,0.5,0.6654807297144428,0.11640701845161743,0.25
cauchy,0.5,,1.0,0.6395047652574741,0.1254136329790759,0.25
cauchy,0.5,,2.0,0.6439370194194679,0.11735391613978396,0.25
cauchy,0.5,,4.0,0.6243961325396861,0.10978399216439608,0.25
cauchy,0.5,,8.0,0.6039267335947838,0.09903736073121004,0.25
cauchy,1.0,,0.125,0.6707899476947111,0.13916717849535573,0.25
cauchy,1.0,,0.25,0.6609303957281907,0.12160991108095273,0.25
cauchy,1.0,,0.5,0.6714492832431447,0.12452258207482364,0.25
cauchy,1.0,,1.0,0.6696384395252875,0.1339895977944753,0.25
cauchy,1.0,,2.0,0.6578199559739811,0.10993997695431916,0.25
cauchy,1.0,,4.0,0.6231715012455247,0.09800445473042214,0.25
cauchy,1.0,,8.0,0.6061913376791296,0.10586148950011239,0.25
cauchy,2.0,,0.125,0.6832125652445221,0.14042161653385155,0.25
cauchy,2.0,,0.25,0.6844097361276499,0.12561390512727183,0.25
cauchy,2.0,,0.5,0.6552882538013688,0.13547692696515648,0.25
cauchy,2.0,,1.0,0.6576453927865571,0.1254454094477251,0.25
cauchy,2.0,,2.0,0.6436354253835581,0.11211822120063179,0.25
cauchy,2.0,,4.0,0.6322877202426718,0.11342488929963632,0.25
cauchy,2.0,,8.0,0.6422136631730254,0.10394599725300652,0.25
cauchy,4.0,,0.125,0.7217860448904142,0.11564141949299742,0.25
cauchy,4.0,,0.25,0.7126186773349069,0.12650752902304802,0.25
cauchy,4.0,,0.5,0.7170622519099659,0.133965053815633,0.25
cauchy,4.0,,1.0,0.694372164401058,0.14561752747031725,0.25
cauchy,4.0,,2.0,0.6599242055151058,0.10649254841124892,0.25
cauchy,4.0,,4.0,0.6491094579182938,0.10217291683990165,0.25
cauchy,4.0,,8.0,0.6248119306458324,0.09858643066026872,0.25
laplacian,0.25,,0.125,0.6389417557639941,0.11212799387930905,0.25
laplacian,0.25,,0.25,0.6546946506413118,0.12477972292478402,0.25
laplacian,0.25,,0.5,0.6307797840080654,0.14227968611920783,0.25
laplacian,0.25,,1.0,0.6378300146578838,0.12185593192520497,0.25
laplacian,0.25,,2.0,0.6123925713312618,0.11273398626717789,0.25
laplacian,0.25,,4.0,0.5733993448176979,0.09820561262572665,0.25
laplacian,0.25,,8.0,0.5804157035424808,0.09747414561212654,0.25
laplacian,0.5,,0.125,0.6396059870739342,0.14145696142939113,0.25
laplacian,0.5,,0.25,0.6422735874140862,0.11627241941557658,0.25
laplacian,0.5,,0.5,0.6430597978551653,0.13452211330093425,0.25
laplacian,0.5,,1.0,0.6133033980572477,0.11813131494589194,0.25
laplacian,0.5,,2.0,0.5931908291250543,0.10077682999171446,0.25
laplacian,0.5,,4.0,0.5750267359677519,0.10245578041259876,0.25
laplacian,0.5,,8.0,0.5780479949080027,0.11360258396811126,0.25
laplacian,1.0,,0.125,0.6375326560622183,0.11795362715824335,0.25
laplacian,1.0,,0.25,0.6725143762398846,0.11767538859133816,0.25
laplacian,1.0,,0.5,0.6488621872145959,0.13904546685797864,0.25
laplacian,1.0,,1.0,0.6352326284425611,0.12017587484228948,0.25
laplacian,1.0,,2.0,0.6130997416035551,0.09186948880667122,0.25
laplacian,1.0,,4.0,0.598879304188575,0.0916656833375422,0.25
laplacian,1.0,,8.0,0.5714510321320351,0.09900532016474739,0.25
laplacian,2.0,,0.125,0.6206529000748793,0.1358296404425258,0.25
laplacian,2.0,,0.25,0.6491553509578238,0.12134585048599539,0.25
laplacian,2.0,,0.5,0.650672397201221,0.12354917070820746,0.25
laplacian,2.0,,1.0,0.650671268016646,0.09928872734548433,0.25
laplacian,2.0,,2.0,0.6025869340204177,0.11994205561516318,0.25
laplacian,2.0,,4.0,0.5995382548263568,0.09823438128109507,0.25
laplacian,2.0,,8.0,0.5891257251662563,0.09309415252518326,0.25
laplacian,4.0,,0.125,0.6314755989819834,0.12087042848689258,0.25
laplacian,4.0,,0.25,0.6582751440942022,0.12404572968538204,0.25
laplacian,4.0,,0.5,0.6461642283576206,0.12940502985185212,0.25
laplacian,4.0,,1.0,0.6485417944575751,0.11481259468009766,0.25
laplacian,4.0,,2.0,0.5892982369028672,0.13639756089298924,0.25
laplacian,4.0,,4.0,0.5906026801874565,0.11200707981220635,0.25
laplacian,4.0,,8.0,0.5853598925435631,0.09842583261126626,0.25
wavelet,0.25,0.125,,0.4619625219394805,0.18067576244311406,0.5
wavelet,0.25,0.25,,0.5453859076741597,0.1707081040197456,0.5
wavelet,0.25,0.5,,0.4118414289385652,0.18213363879891648,0.5
wavelet,0.25,1.0,,0.5951221137733657,0.16471399019955577,0.5
wavelet,0.25,2.0,,0.573169773395268,0.20517557386362892,0.5
wavelet,0.25,4.0,,0.6703763175592897,0.1900824261910974,0.5
wavelet,0.25,8.0,,0.6647135193885597,0.16877782227473437,0.5
wavelet,0.5,0.125,,0.4988933903780619,0.1742200146325852,0.5
wavelet,0.5,0.25,,0.524356323864885,0.16531320602274163,0.5
wavelet,0.5,0.5,,0.41956021785344383,0.17411577127945121,0.5
wavelet,0.5,1.0,,0.5457784924222365,0.1657362886964464,0.5
wavelet,0.5,2.0,,0.6261879266748865,0.1723357196523719,0.5
wavelet,0.5,4.0,,0.6789358626839275,0.20441907343876803,0.5
wavelet,0.5,8.0,,0.666233246120298,0.18256693379931124,0.5
wavelet,1.0,0.125,,0.5144541442117058,0.17237030004120155,0.5
wavelet,1.0,0.25,,0.5042166889574582,0.17170860081834405,0.5
wavelet,1.0,0.5,,0.3918140942794362,0.1809021748941586,0.5
wavelet,1.0,1.0,,0.5372789294618275,0.14978688248763183,0.5
wavelet,1.0,2.0,,0.6382683658321059,0.18108391012238093,0.5
wavelet,1.0,4.0,,0.6246492041749749,0.1851208746339524,0.5
wavelet,1.0,8.0,,0.7044998936444421,0.152005914920145,0.5
wavelet,2.0,0.125,,0.555301423450853,0.16901537958982496,0.5
wavelet,2.0,0.25,,0.4871877722878867,0.16385731290653763,0.5
wavelet,2.0,0.5,,0.4216773670304261,0.1971981008513014,0.5
wavelet,2.0,1.0,,0.5414897548309514,0.17794433930520395,0.5
wavelet,2.0,2.0,,0.6570024494152742,0.17504027151048296,0.5
wavelet,2.0,4.0,,0.7165281250727308,0.14980851413841467,0.5
wavelet,2.0,8.0,,0.6686486849176311,0.16389443565730274,0.5
wavelet,4.0,0.125,,0.49100353434834865,0.1592650606969954,0.5
wavelet,4.0,0.25,,0.48340324807892776,0.16804404735880776,0.5
wavelet,4.0,0.5,,0.43467907556652674,0.20391953718674743,0.5
wavelet,4.0,1.0,,0.5224376608899594,0.18405696833670177,0.5
wavelet,4.0,2.0,,0.6650856867515906,0.1704727646289791,0.5
wavelet,4.0,4.0,,0.7300518062163976,0.14979815026779053,0.5
wavelet,4.0,8.0,,0.730041290685728,0.1554024090605959,0.5
linear,0.25,,0.125,0.6626591366486372,0.17346756723444123,0.5
linear,0.25,,0.25,0.6536928007100811,0.1867632275237313,0.5
linear,0.25,,0.5,0.6970100631425877,0.15725386270612302,0.5
linear,0.25,,1.0,0.6880061925727763,0.18365345339158914,0.5
linear,0.25,,2.0,0.720041272342844,0.1523522904737493,0.5
linear,0.25,,4.0,0.7095546378667323,0.1682085756891286,0.5
linear,0.25,,8.0,0.6840377908466748,0.16096204474139142,0.5
linear,0.5,,0.125,0.7190206881712534,0.17713887649373455,0.5
linear,0.5,,0.25,0.675844054184948,0.1820748106186637,0.5
linear,0.5,,0.5,0.7135258307392343,0.16474171036210558,0.5
linear,0.5,,1.0,0.699294535055812,0.18389944124779056,0.5
linear,0.5,,2.0,0.7014593495502568,0.1637025420349214,0.5
linear,0.5,,4.0,0.741601694535703,0.15789364312867288,0.5
linear,0.5,,8.0,0.6844733647049469,0.16580130609107618,0.5
linear,1.0,,0.125,0.7302224299522286,0.1638655313397306,0.5
linear,1.0,,0.25,0.6880377533050102,0.1489651117052897,0.5
linear,1.0,,0.5,0.7152965350095382,0.15855577916586394,0.5
linear,1.0,,1.0,0.7137076574937156,0.16298445224322472,0.5
linear,1.0,,2.0,0.6747614264614703,0.1875973578637013,0.5
linear,1.0,,4.0,0.6765704480866346,0.16529895728953892,0.5
linear,1.0,,8.0,0.73365452321726,0.1624447691877554,0.5
linear,2.0,,0.125,0.7135522981228999,0.1662408142516177,0.5
linear,2.0,,0.25,0.6867023923777422,0.16353982822392885,0.5
linear,2.0,,0.5,0.7098883528639888,0.17058185895898395,0.5
linear,2.0,,1.0,0.6925604506862247,0.19943526656267194,0.5
linear,2.0,,2.0,0.7170402786146864,0.1519441858015451,0.5
linear,2.0,,4.0,0.7204381897211514,0.17502381081789634,0.5
linear,2.0,,8.0,0.6843661701275647,0.1826471525882245,0.5
linear,4.0,,0.125,0.7296456143316756,0.1508878381004335,0.5
linear,4.0,,0.25,0.7178214075318298,0.15390277031275515,0.5
linear,4.0,,0.5,0.7181468168312596,0.17226942916122306,0.5
linear,4.0,,1.0,0.7305326345936858,0.17040504692863298,0.5
linear,4.0,,2.0,0.6944081159315948,0.18480944357558374,0.5
linear,4.0,,4.0,0.6956457905347021,0.16624436512820748,0.5
linear,4.0,,8.0,0.7068396703433417,0.20081841757324798,0.5
rbf,0.25,,0.125,0.6612238842516571,0.1923359189221845,0.5
rbf,0.25,,0.25,0.6942954519669319,0.15895647538847665,0.5
rbf,0.25,,0.5,0.5999254445226481,0.1980712275635639,0.5
rbf,0.25,,1.0,0.5861122874608976,0.16580432911815596,0.5
rbf,0.25,,2.0,0.5858569491186937,0.14415195003397988,0.5
rbf,0.25,,4.0,0.5132265574194131,0.14624975307054514,0.5
rbf,0.25,,8.0,0.547168844717374,0.15098616109136678,0.5
rbf,0.5,,0.125,0.6763521615437554,0.16016842372582493,0.5
rbf,0.5,,0.25,0.6698527755836242,0.14011829685057942,0.5
rbf,0.5,,0.5,0.6429655155769134,0.1629533862846346,0.5
rbf,0.5,,1.0,0.5801807927538577,0.15350999053790987,0.5
rbf,0.5,,2.0,0.5789150020687946,0.16137128728202088,0.5
rbf,0.5,,4.0,0.5375879557711399,0.1570139936382906,0.5
rbf,0.5,,8.0,0.5733885952970319,0.17032444289588566,0.5
rbf,1.0,,0.125,0.6662919044577713,0.16598587734795706,0.5
rbf,1.0,,0.25,0.6788899682988523,0.14884025566954648,0.5
rbf,1.0,,0.5,0.6894681338560931,0.15589405107791973,0.5
rbf,1.0,,1.0,0.6135288262977656,0.16420259592557512,0.5
rbf,1.0,,2.0,0.5540122534227562,0.17777528249029997,0.5
rbf,1.0,,4.0,0.5763087730620138,0.15682483488436458,0.5
rbf,1.0,,8.0,0.5431972858313819,0.1490267584721714,0.5
rbf,2.0,,0.125,0.7081272228076853,0.17732256704473695,0.5
rbf,2.0,,0.25,0.6657472909703728,0.2021428755697528,0.5
rbf,2.0,,0.5,0.651168210953283,0.18269133644729618,0.5
rbf,2.0,,1.0,0.6371730994798266,0.15999421536620642,0.5
rbf,2.0,,2.0,0.5880595040613954,0.1591438761964099,0.5
rbf,2.0,,4.0,0.5706153530758289,0.14897711818556567,0.5
rbf,2.0,,8.0,0.5910534711657676,0.1432850527551357,0.5
rbf,4.0,,0.125,0.705939794172938,0.16191529706387653,0.5
rbf,4.0,,0.25,0.7196658845170623,0.15920128851606513,0.5
rbf,4.0,,0.5,0.6415597667386232,0.17917497052544407,0.5
rbf,4.0,,1.0,0.6145834807356985,0.14492733904644203,0.5
rbf,4.0,,2.0,0.6196529160038449,0.1596182230403381,0.5
rbf,4.0,,4.0,0.5640727508059012,0.16687927413797715,0.5
rbf,4.0,,8.0,0.571611951282516,0.17053959418434525,0.5
exponential,0.25,,0.125,0.6800723551317439,0.16943454349642414,0.5
exponential,0.25,,0.25,0.6624744334495714,0.18366724780391386,0.5
exponential,0.25,,0.5,0.6700305812769065,0.16075379396158795,0.5
exponential,0.25,,1.0,0.638388988647792,0.15451072109514094,0.5
exponential,0.25,,2.0,0.577326864659921,0.17269982924110536,0.5
exponential,0.25,,4.0,0.5673371820328308,0.16211188842148821,0.5
exponential,0.25,,8.0,0.5994507553984133,0.17484977921683142,0.5
exponential,0.5,,0.125,0.6590107301525494,0.154147082983908,0.5
exponential,0.5,,0.25,0.7074166154188265,0.15595838771775394,0.5
exponential,0.5,,0.5,0.6516823710330442,0.14883526844899758,0.5
exponential,0.5,,1.0,0.6059369684341922,0.17614012761346606,0.5
exponential,0.5,,2.0,0.592802305596992,0.18073337369671888,0.5
exponential,0.5,,4.0,0.5785768157435709,0.17387208273735233,0.5
exponential,0.5,,8.0,0.5582002215863436,0.1623459894292405,0.5
exponential,1.0,,0.125,0.6751824729954389,0.15853319475307232,0.5
exponential,1.0,,0.25,0.6951330122846747,0.1691133698715054,0.5
exponential,1.0,,0.5,0.6785314374730281,0.15622352178889826,0.5
exponential,1.0,,1.0,0.6197508736275763,0.1513978826367253,0.5
exponential,1.0,,2.0,0.585085747732921,0.1678985019183105,0.5
exponential,1.0,,4.0,0.5851315042908662,0.15009322677265297,0.5
exponential,1.0,,8.0,0.5886684462297398,0.1771005555516927,0.5
exponential,2.0,,0.125,0.6939402285787228,0.14667698340488533,0.5
exponential,2.0,,0.25,0.7367576006231543,0.1364947183113475,0.5
exponential,2.0,,0.5,0.6788728317425483,0.16851463295067645,0.5
exponential,2.0,,1.0,0.6019425078665421,0.17781670496312,0.5
exponential,2.0,,2.0,0.5629458750556813,0.15477872378868163,0.5
exponential,2.0,,4.0,0.565214139037702,0.182096131698042,0.5
exponential,2.0,,8.0,0.5657338155723369,0.14239846717504065,0.5
exponential,4.0,,0.125,0.7125488172227707,0.15554587267984948,0.5
exponential,4.0,,0.25,0.7104660596130511,0.15044505186857615,0.5
exponential,4.0,,0.5,0.6849063472186369,0.14997495193853994,0.5
exponential,4.0,,1.0,0.6612226671689586,0.14956842228497927,0.5
exponential,4.0,,2.0,0.5973974344369082,0.17125946202114506,0.5
exponential,4.0,,4.0,0.5797819360553746,0.16366054123066986,0.5
exponential,4.0,,8.0,0.5723176822650137,0.1556803289891972,0.5
poly,0.25,,0.125,0.6824936977576499,0.17688620636064575,0.5
poly,0.25,,0.25,0.7330213129196674,0.15602866495334056,0.5
poly,0.25,,0.5,0.7088077926650009,0.17950458460297428,0.5
poly,0.25,,1.0,0.6715592350826963,0.14606720450941713,0.5
poly,0.25,,2.0,0.6106683778755457,0.18371109487977327,0.5
poly,0.25,,4.0,0.5852193671724396,0.1740822897628211,0.5
poly,0.25,,8.0,0.5427175320379655,0.17284495210399,0.5
poly,0.5,,0.125,0.7231336533655991,0.15530128704946683,0.5
poly,0.5,,0.25,0.7518556558773781,0.15627985058597083,0.5
poly,0.5,,0.5,0.6945268502417847,0.16165352880301762,0.5
poly,0.5,,1.0,0.6584739796032028,0.17910602253514246,0.5
poly,0.5,,2.0,0.6032234698707912,0.17916035004077135,0.5
poly,0.5,,4.0,0.5771049047483627,0.17634136347967386,0.5
poly,0.5,,8.0,0.540593654939159,0.160911132035084,0.5
poly,1.0,,0.125,0.7642542030474422,0.1413093597952588,0.5
poly,1.0,,0.25,0.7174846267023983,0.1544057296051797,0.5
poly,1.0,,0.5,0.6742509072205869,0.1650098084695369,0.5
poly,1.0,,1.0,0.6414353162799421,0.19073403509344264,0.5
poly,1.0,,2.0,0.5971318050964605,0.17326895481266233,0.5
poly,1.0,,4.0,0.5932077028278502,0.16417439618934548,0.5
poly,1.0,,8.0,0.5609030819149442,0.20407235152134015,0.5
poly,2.0,,0.125,0.7459546315347904,0.15367371116587825,0.5
poly,2.0,,0.25,0.6790946525266959,0.15521434091294897,0.5
poly,2.0,,0.5,0.6822839904120538,0.15095722428154384,0.5
poly,2.0,,1.0,0.5863698056759202,0.17460392742937356,0.5
poly,2.0,,2.0,0.5514727355865295,0.19194506937798803,0.5
poly,2.0,,4.0,0.5516976338869368,0.17328587014711158,0.5
poly,2.0,,8.0,0.5181588725103835,0.1804601525848772,0.5
poly,4.0,,0.125,0.7033618947104108,0.16936630216314452,0.5
poly,4.0,,0.25,0.7275121273709912,0.14615497483046214,0.5
poly,4.0,,0.5,0.6426376719181269,0.18690792546963786,0.5
poly,4.0,,1.0,0.6155697305646997,0.16251994141748669,0.5
poly,4.0,,2.0,0.6051139890213285,0.20329939171466688,0.5
poly,4.0,,4.0,0.551557317742457,0.17713534864959335,0.5
poly,4.0,,8.0,0.5345563633245354,0.18849455041488852,0.5
cauchy,0.25,,0.125,0.6455131041052296,0.1773266871346298,0.5
cauchy,0.25,,0.25,0.649121447162341,0.1874981506903042,0.5
cauchy,0.25,,0.5,0.6718167484857317,0.1776081860771042,0.5
cauchy,0.25,,1.0,0.6153949497350091,0.1660573594575035,0.5
cauchy,0.25,,2.0,0.5902452625287595,0.18412513947709688,0.5
cauchy,0.25,,4.0,0.5591618139790842,0.18708322076127226,0.5
cauchy,0.25,,8.0,0.588789522151694,0.16359982528778308,0.5
cauchy,0.5,,0.125,0.6853661949849256,0.17454392616142736,0.5
cauchy,0.5,,0.25,0.6543275077444953,0.17857448245562796,0.5
cauchy,0.5,,0.5,0.6760489190689958,0.1767117055248087,0.5
cauchy,0.5,,1.0,0.6793884635839476,0.16453040340286668,0.5
cauchy,0.5,,2.0,0.5759964845488637,0.17539683609655984,0.5
cauchy,0.5,,4.0,0.576222092014241,0.16765185324565807,0.5
cauchy,0.5,,8.0,0.5550244989538065,0.15072546302049938,0.5
cauchy,1.0,,0.125,0.7047694034865389,0.14822650293841183,0.5
cauchy,1.0,,0.25,0.6522448356528482,0.16499186541318575,0.5
cauchy,1.0,,0.5,0.6713120187494366,0.16027872586619238,0.5
cauchy,1.0,,1.0,0.6278333696597594,0.17538302196812275,0.5
cauchy,1.0,,2.0,0.6278021162617912,0.151305529888267,0.5
cauchy,1.0,,4.0,0.6158220902502771,0.15784618521728988,0.5
cauchy,1.0,,8.0,0.6006747686576298,0.14979844855666874,0.5
cauchy,2.0,,0.125,0.6870473502350279,0.18230530271607448,0.5
cauchy,2.0,,0.25,0.7244886795683639,0.13655694361209436,0.5
cauchy,2.0,,0.5,0.6569929725749789,0.174192777544399,0.5
cauchy,2.0,,1.0,0.6648456888974086,0.16032184582702277,0.5
cauchy,2.0,,2.0,0.6206213918322446,0.15490004882686018,0.5
cauchy,2.0,,4.0,0.5971347730099278,0.16007468545198034,0.5
cauchy,2.0,,8.0,0.6021060546686976,0.1502831767361231,0.5
cauchy,4.0,,0.125,0.7392318436555143,0.16472488881689437,0.5
cauchy,4.0,,0.25,0.7204304468676354,0.15648209227471302,0.5
cauchy,4.0,,0.5,0.7045254425389201,0.14424508315105872,0.5
cauchy,4.0,,1.0,0.6556286384081511,0.1473634909467846,0.5
cauchy,4.0,,2.0,0.6504167885105427,0.1710608001859732,0.5
cauchy,4.0,,4.0,0.6408528031231019,0.1450141663881248,0.5
cauchy,4.0,,8.0,0.6087753244859417,0.1671224911513556,0.5
laplacian,0.25,,0.125,0.6715229440571343,0.18495240404069369,0.5
laplacian,0.25,,0.25,0.6591899798799785,0.16355145525494819,0.5
laplacian,0.25,,0.5,0.6220316321159336,0.16098552376085984,0.5
laplacian,0.25,,1.0,0.5990182714197555,0.17163137969156472,0.5
laplacian,0.25,,2.0,0.5976500275867923,0.1785255176009596,0.5
laplacian,0.25,,4.0,0.6084953748379917,0.17083279611013022,0.5
laplacian,0.25,,8.0,0.5774799773352236,0.17254914353335665,0.5
laplacian,0.5,,0.125,0.6922930468385204,0.1763384442599275,0.5
laplacian,0.5,,0.25,0.6856556063613389,0.1746598805394703,0.5
laplacian,0.5,,0.5,0.6387891812256632,0.16707138157559384,0.5
laplacian,0.5,,1.0,0.6068465888185938,0.16089042566767955,0.5
laplacian,0.5,,2.0,0.5831915975594231,0.13791184013085758,0.5
laplacian,0.5,,4.0,0.6158890023636793,0.15519536381111304,0.5
laplacian,0.5,,8.0,0.6117696782555175,0.1516696757079005,0.5
laplacian,1.0,,0.125,0.6718761562878872,0.16406298536738864,0.5
laplacian,1.0,,0.25,0.6759811159391453,0.16762346062092795,0.5
laplacian,1.0,,0.5,0.6361970242949345,0.15525384361127118,0.5
laplacian,1.0,,1.0,0.6153148493412931,0.16951607566922652,0.5
laplacian,1.0,,2.0,0.6059288047661248,0.16632241078146093,0.5
laplacian,1.0,,4.0,0.6176167803423853,0.16486081505110373,0.5
laplacian,1.0,,8.0,0.6381002059224632,0.1661948463001101,0.5
laplacian,2.0,,0.125,0.678128409557892,0.14863678863118998,0.5
laplacian,2.0,,0.25,0.6544262883633022,0.1542724452540396,0.5
laplacian,2.0,,0.5,0.6480943601219379,0.14195696651970457,0.5
laplacian,2.0,,1.0,0.6070002562038401,0.163922431315758,0.5
laplacian,2.0,,2.0,0.589159821938729,0.18547813415281436,0.5
laplacian,2.0,,4.0,0.6064101392287387,0.1451227973623308,0.5
laplacian,2.0,,8.0,0.6019505699530971,0.14789376543294938,0.5
laplacian,4.0,,0.125,0.6982703397829164,0.1557004275743422,0.5
laplacian,4.0,,0.25,0.6447999254794652,0.15450597674674094,0.5
laplacian,4.0,,0.5,0.6669903339160205,0.15845033484605356,0.5
laplacian,4.0,,1.0,0.6143675826181715,0.1881695308622369,0.5
laplacian,4.0,,2.0,0.6204886969358197,0.165877788285809,0.5
laplacian,4.0,,4.0,0.6113784522905938,0.14422802875161797,0.5
laplacian,4.0,,8.0,0.6212579140557771,0.1642429278349407,0.5
